"No.","Channel Name","Receive Frequency","Transmit Frequency","Channel Type","Transmit Power","Band Width","CTCSS/DCS Decode","CTCSS/DCS Encode","Contact","Contact Call Type","Contact TG/DMR ID","Radio ID","Busy Lock/TX Permit","Squelch Mode","Optional Signal","DTMF ID","2Tone ID","5Tone ID","PTT ID","Color Code","Slot","Scan List","Receive Group List","PTT Prohibit","Reverse","Simplex TDMA","Slot Suit","AES Digital Encryption","Digital Encryption","Call Confirmation","Talk Around(Simplex)","Work Alone","Custom CTCSS","2TONE Decode","Ranging","Through Mode","Digi APRS RX","Analog APRS PTT Mode","Digital APRS PTT Mode","APRS Report Type","Digital APRS Report Channel","Correct Frequency[Hz]","SMS Confirmation","Exclude channel from roaming","DMR MODE","DataACK Disable","R5toneBot","R5ToneEot"
"1","NATL APRS","144.39000","144.39000","A-Analog","Turbo","25K","Off","Off","World-wide","Group Call","91","Danny","Off","Carrier","Off","1","1","1","Off","1","1","None","None","Off","Off","Off","Off","Normal Encryption","Off","Off","Off","Off","251.1","1","Off","Off","Off","Off","Off","Analog","1","0","Off","0","1","0","100","100"
"2","N-Simplex","146.52000","146.52000","A-Analog","Turbo","25K","Off","Off","World-wide","Group Call","91","Danny","Off","Carrier","Off","1","1","1","Off","1","1","Lufkin A-Locals","None","Off","Off","Off","Off","Normal Encryption","Off","Off","Off","Off","251.1","1","Off","Off","Off","Off","Off","Off","1","0","Off","0","1","0","100","100"
"3","ANG-940","146.94000","146.34000","A-Analog","Turbo","25K","141.3","141.3","World-wide","Group Call","91","Danny","Off","CTCSS/DCS","Off","1","1","1","Off","1","1","Lufkin A-Locals","None","Off","Off","Off","Off","Normal Encryption","Off","Off","Off","Off","251.1","1","Off","Off","Off","Off","Off","Off","1","0","Off","0","1","0","255","255"
"4","ANG-26","147.26000","147.86000","A-Analog","High","25K","141.3","141.3","World-wide","Group Call","91","Danny","Off","CTCSS/DCS","Off","1","1","1","Off","1","1","Lufkin A-Locals","None","Off","Off","Off","Off","Normal Encryption","Off","Off","Off","Off","251.1","1","Off","Off","Off","Off","Off","Off","1","0","Off","0","1","0","255","255"
"5","Rusk-25","145.25000","144.65000","A-Analog","High","25K","131.8","131.8","World-wide","Group Call","91","Danny","Off","Carrier","Off","1","1","1","Off","1","1","Lufkin A-Locals","None","Off","Off","Off","Off","Normal Encryption","Off","Off","Off","Off","251.1","1","Off","Off","Off","Off","Off","Off","1","0","Off","0","1","0","255","255"
"6","Jack-38","147.38000","147.98000","A-Analog","High","25K","136.5","136.5","World-wide","Group Call","91","Danny","Off","Carrier","Off","1","1","1","Off","1","1","Lufkin A-Locals","None","Off","Off","Off","Off","Normal Encryption","Off","Off","Off","Off","251.1","1","Off","Off","Off","Off","Off","Off","1","0","Off","0","1","0","255","255"
"7","Tyler-21","145.21000","144.46000","A-Analog","High","25K","136.5","136.5","World-wide","Group Call","91","Danny","Off","Carrier","Off","1","1","1","Off","1","1","Lufkin A-Locals","None","Off","Off","Off","Off","Normal Encryption","Off","Off","Off","Off","251.1","1","Off","Off","Off","Off","Off","Off","1","0","Off","0","1","0","255","255"
"8","Tyler-37","145.37000","144.77000","A-Analog","High","25K","136.5","136.5","World-wide","Group Call","91","Danny","Off","Carrier","Off","1","1","1","Off","1","1","Lufkin A-Locals","None","Off","Off","Off","Off","Normal Encryption","Off","Off","Off","Off","251.1","1","Off","Off","Off","Off","Off","Off","1","0","Off","0","1","0","255","255"
"9","Tyler-96","146.96000","146.36000","A-Analog","High","25K","88.5","136.5","World-wide","Group Call","91","Danny","Off","Carrier","Off","1","1","1","Off","1","1","Lufkin A-Locals","None","Off","Off","Off","Off","Normal Encryption","Off","Off","Off","Off","251.1","1","Off","Off","Off","Off","Off","Off","1","0","Off","0","1","0","255","255"
"11","ISS Voice 10","437.81000","145.99000","A-Analog","Turbo","25K","Off","67.0","World-wide","Group Call","91","Danny","Off","Carrier","Off","1","1","1","Off","1","1","None","None","Off","Off","Off","Off","Normal Encryption","Off","Off","Off","Off","251.1","1","Off","On","Off","Off","Off","Off","1","0","Off","0","0","0","0","0"
"12","ISS Voice 5","437.80500","145.99000","A-Analog","Turbo","25K","Off","67.0","World-wide","Group Call","91","Danny","Off","Carrier","Off","1","1","1","Off","1","1","None","None","Off","Off","Off","Off","Normal Encryption","Off","Off","Off","Off","251.1","1","Off","On","Off","Off","Off","Off","1","0","Off","0","0","0","0","0"
"13","ISS Voice","437.80000","145.99000","A-Analog","Turbo","25K","Off","67.0","World-wide","Group Call","91","Danny","Off","Carrier","Off","1","1","1","Off","1","1","None","None","Off","Off","Off","Off","Normal Encryption","Off","Off","Off","Off","251.1","1","Off","On","Off","Off","Off","Off","1","0","Off","0","0","0","0","0"
"14","ISS Voice -5","437.79500","145.99000","A-Analog","Turbo","25K","Off","67.0","World-wide","Group Call","91","Danny","Off","Carrier","Off","1","1","1","Off","1","1","None","None","Off","Off","Off","Off","Normal Encryption","Off","Off","Off","Off","251.1","1","Off","On","Off","Off","Off","Off","1","0","Off","0","0","0","0","0"
"15","ISS Voice -10","437.79000","145.99000","A-Analog","Turbo","25K","Off","67.0","World-wide","Group Call","91","Danny","Off","Carrier","Off","1","1","1","Off","1","1","None","None","Off","Off","Off","Off","Normal Encryption","Off","Off","Off","Off","251.1","1","Off","On","Off","Off","Off","Off","1","0","Off","0","0","0","0","0"
"16","ISS APRS","145.82500","145.82500","A-Analog","Turbo","12.5K","Off","Off","World-wide","Group Call","91","Danny","Off","Carrier","Off","1","1","1","Off","1","1","None","None","Off","Off","Off","Off","Normal Encryption","Off","Off","Off","Off","251.1","1","Off","On","Off","Off","Off","Off","1","0","Off","0","0","0","0","0"
"18","Worldwide BM1","440.00000","445.00000","D-Digital","Turbo","12.5K","Off","Off","World-wide","Group Call","91","Danny","Different Color Code","Carrier","Off","1","1","1","Off","9","1","Lufkin DMR","None","Off","Off","Off","Off","Normal Encryption","Off","Off","Off","Off","251.1","1","Off","Off","Off","Off","Off","Off","1","0","Off","0","1","0","255","255"
"19","ANG-425","444.42500","449.42500","A-Analog","Turbo","25K","107.2","107.2","World-wide","Group Call","91","Danny","Off","Carrier","Off","1","1","1","Off","1","1","Lufkin A-Locals","None","Off","Off","Off","Off","Normal Encryption","Off","Off","Off","Off","251.1","1","Off","Off","Off","Off","Off","Off","1","0","Off","0","1","0","255","255"
"20","W5IRP UHF","444.97500","439.97500","A-Analog","Turbo","25K","107.2","Off","World-wide","Group Call","91","Danny","Off","CTCSS/DCS","Off","1","1","1","Off","1","1","Lufkin A-Locals","None","Off","Off","Off","Off","Normal Encryption","Off","Off","Off","Off","251.1","1","Off","Off","Off","Off","Off","Off","1","0","Off","0","1","0","255","255"
"22","Worldwide BM","440.00000","445.00000","D-Digital","Turbo","12.5K","Off","Off","World-wide","Group Call","91","Danny","Different Color Code","Carrier","Off","1","1","1","Off","9","1","Lufkin DMR","None","Off","Off","Off","Off","Normal Encryption","Off","Off","Off","Off","251.1","1","Off","Off","Off","Off","Off","Off","1","0","Off","0","1","0","255","255"
"23","WW MARC","440.00000","445.00000","D-Digital","Turbo","12.5K","Off","Off","WWide MARC","Group Call","1","Danny","Different Color Code","Carrier","Off","1","1","1","Off","9","1","Lufkin DMR","None","Off","Off","Off","Off","Normal Encryption","Off","Off","Off","Off","251.1","1","Off","Off","Off","Off","Off","Off","1","0","Off","0","1","0","255","255"
"24","NA MARC","440.00000","445.00000","D-Digital","Turbo","12.5K","Off","Off","N America 3 MARC","Group Call","3","Danny","Different Color Code","Carrier","Off","1","1","1","Off","9","1","Lufkin DMR","None","Off","Off","Off","Off","Normal Encryption","Off","Off","Off","Off","251.1","1","Off","Off","Off","Off","Off","Off","1","0","Off","0","1","0","255","255"
"25","DMR Plus USA","440.00000","445.00000","D-Digital","Turbo","12.5K","Off","Off","DMRPlus USA","Group Call","133","Danny","Different Color Code","Carrier","Off","1","1","1","Off","9","1","Lufkin DMR","None","Off","Off","Off","Off","Normal Encryption","Off","Off","Off","Off","251.1","1","Off","Off","Off","Off","Off","Off","1","0","Off","0","1","0","255","255"
"26","TAC-310","440.00000","445.00000","D-Digital","Turbo","12.5K","Off","Off","TAC-310 USA DMRX","Group Call","310","Danny","Different Color Code","Carrier","Off","1","1","1","Off","9","1","Lufkin DMR","None","Off","Off","Off","Off","Normal Encryption","Off","Off","Off","Off","251.1","1","Off","Off","On","Off","On","Digital","1","0","Off","0","1","0","255","255"
"27","TAC-311","440.00000","445.00000","D-Digital","Turbo","12.5K","Off","Off","TAC-311 USA DMRX","Group Call","311","Danny","Different Color Code","Carrier","Off","1","1","1","Off","9","1","Lufkin DMR","None","Off","Off","Off","Off","Normal Encryption","Off","Off","Off","Off","251.1","1","Off","Off","Off","Off","Off","Off","1","0","Off","0","1","0","255","255"
"28","TAC-312","440.00000","445.00000","D-Digital","Turbo","12.5K","Off","Off","TAC-312 USA DMRX","Group Call","312","Danny","Different Color Code","Carrier","Off","1","1","1","Off","9","1","Lufkin DMR","None","Off","Off","Off","Off","Normal Encryption","Off","Off","Off","Off","251.1","1","Off","Off","Off","Off","Off","Off","1","0","Off","0","1","0","255","255"
"29","TAC-313","440.00000","445.00000","D-Digital","Turbo","12.5K","Off","Off","TAC 313 USA","Group Call","313","Danny","Different Color Code","Carrier","Off","1","1","1","Off","9","1","Lufkin DMR","None","Off","Off","Off","Off","Normal Encryption","Off","Off","Off","Off","251.1","1","Off","Off","Off","Off","Off","Off","1","0","Off","0","1","0","255","255"
"30","TAC-314","440.00000","445.00000","D-Digital","Turbo","12.5K","Off","Off","TAC 314 USA","Group Call","314","Danny","Different Color Code","Carrier","Off","1","1","1","Off","9","1","Lufkin DMR","None","Off","Off","Off","Off","Normal Encryption","Off","Off","Off","Off","251.1","1","Off","Off","Off","Off","Off","Off","1","0","Off","0","1","0","255","255"
"31","BM USA","440.00000","445.00000","D-Digital","Turbo","12.5K","Off","Off","USA - Nationwide","Group Call","3100","Danny","Different Color Code","Carrier","Off","1","1","1","Off","9","1","Lufkin DMR","None","Off","Off","Off","Off","Normal Encryption","Off","Off","Off","Off","251.1","1","Off","Off","Off","Off","Off","Off","1","0","Off","0","1","0","255","255"
"32","Ark Statewide","440.00000","445.00000","D-Digital","Turbo","12.5K","Off","Off","Arkansas","Group Call","3105","Danny","Different Color Code","Carrier","Off","1","1","1","Off","9","1","Lufkin DMR","None","Off","Off","Off","Off","Normal Encryption","Off","Off","Off","Off","251.1","1","Off","Off","Off","Off","Off","Off","1","0","Off","0","1","0","255","255"
"33","LA  Statewide","440.00000","445.00000","D-Digital","Turbo","12.5K","Off","Off","Louisiana","Group Call","3122","Danny","Different Color Code","Carrier","Off","1","1","1","Off","9","1","Lufkin DMR","None","Off","Off","Off","Off","Normal Encryption","Off","Off","Off","Off","251.1","1","Off","Off","Off","Off","Off","Off","1","0","Off","0","1","0","255","255"
"34","OK  Statewide","440.00000","445.00000","D-Digital","Turbo","12.5K","Off","Off","Oklahoma","Group Call","3140","Danny","Different Color Code","Carrier","Off","1","1","1","Off","9","1","Lufkin DMR","None","Off","Off","Off","Off","Normal Encryption","Off","Off","Off","Off","251.1","1","Off","Off","Off","Off","Off","Off","1","0","Off","0","1","0","255","255"
"35","TX  Statewide","440.00000","445.00000","D-Digital","Turbo","12.5K","Off","Off","Texas","Group Call","3148","Danny","Different Color Code","Carrier","Off","1","1","1","Off","9","1","Lufkin DMR","None","Off","Off","Off","Off","Normal Encryption","Off","Off","Off","Off","251.1","1","Off","Off","Off","Off","Off","Off","1","0","Off","0","1","0","255","255"
"36","Southern Plains","440.00000","445.00000","D-Digital","Turbo","12.5K","Off","Off","Southern Plains","Group Call","3175","Danny","Different Color Code","Carrier","Off","1","1","1","Off","9","1","Lufkin DMR","None","Off","Off","Off","Off","Normal Encryption","Off","Off","Off","Off","251.1","1","Off","Off","Off","Off","Off","Off","1","0","Off","0","1","0","255","255"
"37","BM TX Chat","440.00000","445.00000","D-Digital","Turbo","12.5K","Off","Off","TX Chat","Group Call","31480","Danny","Different Color Code","Carrier","Off","1","1","1","Off","9","1","Lufkin DMR","None","Off","Off","Off","Off","Normal Encryption","Off","Off","Off","Off","251.1","1","Off","Off","Off","Off","Off","Off","1","0","Off","0","1","0","255","255"
"38","BM North TX","440.00000","445.00000","D-Digital","Turbo","12.5K","Off","Off","North Texas","Group Call","31481","Danny","Different Color Code","Carrier","Off","1","1","1","Off","9","1","Lufkin DMR","None","Off","Off","Off","Off","Normal Encryption","Off","Off","Off","Off","251.1","1","Off","Off","Off","Off","Off","Off","1","0","Off","0","1","0","255","255"
"39","BM South TX","440.00000","445.00000","D-Digital","Turbo","12.5K","Off","Off","South Texas","Group Call","31482","Danny","Different Color Code","Carrier","Off","1","1","1","Off","9","1","Lufkin DMR","None","Off","Off","Off","Off","Normal Encryption","Off","Off","Off","Off","251.1","1","Off","Off","Off","Off","Off","Off","1","0","Off","0","1","0","255","255"
"40","BM West TX","440.00000","445.00000","D-Digital","Turbo","12.5K","Off","Off","West Texas","Group Call","31483","Danny","Different Color Code","Carrier","Off","1","1","1","Off","9","1","Lufkin DMR","None","Off","Off","Off","Off","Normal Encryption","Off","Off","Off","Off","251.1","1","Off","Off","Off","Off","Off","Off","1","0","Off","0","1","0","255","255"
"41","BM Southeast TX","440.00000","445.00000","D-Digital","Turbo","12.5K","Off","Off","SouthEast Texas","Group Call","31484","Danny","Different Color Code","Carrier","Off","1","1","1","Off","9","1","Lufkin DMR","None","Off","Off","Off","Off","Normal Encryption","Off","Off","Off","Off","251.1","1","Off","Off","Off","Off","Off","Off","1","0","Off","0","1","0","255","255"
"42","TX Nexus Fusion","440.00000","445.00000","D-Digital","Turbo","12.5K","Off","Off","Texas-Nexus","Group Call","31488","Danny","Different Color Code","Carrier","Off","1","1","1","Off","9","1","Lufkin DMR","None","Off","Off","Off","Off","Normal Encryption","Off","Off","Off","Off","251.1","1","Off","Off","Off","Off","Off","Off","1","0","Off","0","1","0","255","255"
"43","DMR Info","440.00000","445.00000","D-Digital","Turbo","12.5K","Off","Off","DMR INFO NETWORK","Group Call","31648","Danny","Different Color Code","Carrier","Off","1","1","1","Off","9","1","Lufkin DMR","None","Off","Off","Off","Off","Normal Encryption","Off","Off","Off","Off","251.1","1","Off","Off","Off","Off","Off","Off","1","0","Off","0","1","0","255","255"
"44","TX Wide","440.00000","445.00000","D-Digital","Turbo","12.5K","Off","Off","Texas","Group Call","3148","Danny","Different Color Code","Carrier","Off","1","1","1","Off","9","1","Lufkin DMR","None","Off","Off","Off","Off","Normal Encryption","Off","Off","Off","Off","251.1","1","Off","Off","Off","Off","Off","Off","1","0","Off","0","1","0","255","255"
"45","East TX Wide","440.00000","445.00000","D-Digital","Turbo","12.5K","Off","Off","East Texas Wide","Group Call","8206","Danny","Different Color Code","Carrier","Off","1","1","1","Off","9","2","Lufkin DMR","None","Off","Off","Off","Off","Normal Encryption","Off","Off","Off","Off","251.1","1","Off","Off","Off","Off","Off","Off","1","0","Off","0","1","0","255","255"
"46","Lufkin Local 9","440.00000","445.00000","D-Digital","Low","12.5K","Off","Off","Lufkin Local 9","Group Call","9","Danny","Different Color Code","Carrier","Off","1","1","1","Off","9","2","Lufkin DMR","None","Off","Off","Off","Off","Normal Encryption","Off","Off","Off","Off","251.1","1","Off","Off","On","Off","On","Digital","2","0","Off","0","1","0","255","255"
"47","HS PARROT 9990","433.00000","433.00000","D-Digital","Low","12.5K","Off","Off","Parrot","Private Call","9990","Danny","Always","Carrier","Off","1","1","1","Off","1","1","None","None","Off","Off","Off","Off","Normal Encryption","Off","Off","Off","Off","0.0","1","Off","Off","Off","Off","Off","Off","1","0","Off","0","1","0","255","255"
"48","HS PARROT 9991","433.00000","433.00000","D-Digital","Low","12.5K","Off","Off","Parrot","Private Call","9990","Danny","Always","Carrier","Off","1","1","1","Off","1","2","None","None","Off","Off","Off","Off","Normal Encryption","Off","Off","Off","Off","0.0","1","Off","Off","Off","Off","Off","Off","1","0","Off","0","1","0","255","255"
"49","Hou Cactus","441.87500","446.87500","D-Digital","High","12.5K","Off","Off","Southern Plains","Group Call","3175","Danny","Always","Carrier","Off","1","1","1","Off","2","2","None","None","Off","Off","Off","Off","Normal Encryption","Off","Off","Off","Off","0.0","1","Off","Off","Off","Off","Off","Off","1","0","Off","0","1","0","255","255"
"50","Hou Galleria L2","443.75000","448.75000","D-Digital","High","12.5K","Off","Off","LOCAL 2","Group Call","2","Danny","Always","Carrier","Off","1","1","1","Off","1","2","None","None","Off","Off","Off","Off","Normal Encryption","Off","Off","Off","Off","0.0","1","Off","Off","Off","Off","Off","Off","1","0","Off","0","1","0","255","255"
"51","Hou Galleria TX","443.75000","448.75000","D-Digital","High","12.5K","Off","Off","Texas","Group Call","3148","Danny","Always","Carrier","Off","1","1","1","Off","1","1","None","None","Off","Off","Off","Off","Normal Encryption","Off","Off","Off","Off","0.0","1","Off","Off","Off","Off","Off","Off","1","0","Off","0","1","0","255","255"
"52","Hou Metro","441.87500","446.87500","D-Digital","High","12.5K","Off","Off","Houston Metro","Group Call","8207","Danny","Always","Carrier","Off","1","1","1","Off","2","2","None","None","Off","Off","Off","Off","Normal Encryption","Off","Off","Off","Off","0.0","1","Off","Off","Off","Off","Off","Off","1","0","Off","0","1","0","255","255"
"53","Hou N.A.","441.87500","446.87500","D-Digital","High","12.5K","Off","Off","N America 3 MARC","Group Call","3","Danny","Always","Carrier","Off","1","1","1","Off","2","1","None","None","Off","Off","Off","Off","Normal Encryption","Off","Off","Off","Off","0.0","1","Off","Off","Off","Off","Off","Off","1","0","Off","0","1","0","255","255"
"54","Hou SE Tx EmComm","441.87500","446.87500","D-Digital","High","12.5K","Off","Off","SE Tx EmComm","Group Call","8686","Danny","Always","Carrier","Off","1","1","1","Off","2","2","None","None","Off","Off","Off","Off","Normal Encryption","Off","Off","Off","Off","0.0","1","Off","Off","Off","Off","Off","Off","1","0","Off","0","1","0","255","255"
"55","Hou TAC.310","441.87500","446.87500","D-Digital","High","12.5K","Off","Off","TAC-310 USA DMRX","Group Call","310","Danny","Always","Carrier","Off","1","1","1","Off","2","1","None","None","Off","Off","Off","Off","Normal Encryption","Off","Off","Off","Off","0.0","1","Off","Off","Off","Off","Off","Off","1","0","Off","0","1","0","255","255"
"56","Hou Tx State","441.87500","446.87500","D-Digital","High","12.5K","Off","Off","Texas","Group Call","3148","Danny","Always","Carrier","Off","1","1","1","Off","2","2","None","None","Off","Off","Off","Off","Normal Encryption","Off","Off","Off","Off","0.0","1","Off","Off","Off","Off","Off","Off","1","0","Off","0","1","0","255","255"
"57","Hou W.W.","441.87500","446.87500","D-Digital","High","12.5K","Off","Off","13 WW ENG","Group Call","13","Danny","Always","Carrier","Off","1","1","1","Off","2","1","None","None","Off","Off","Off","Off","Normal Encryption","Off","Off","Off","Off","0.0","1","Off","Off","Off","Off","Off","Off","1","0","Off","0","1","0","255","255"
"58","Hou2  Metro","441.77500","446.77500","D-Digital","High","12.5K","Off","Off","Houston Metro","Group Call","8207","Danny","Always","Carrier","Off","1","1","1","Off","7","2","None","None","Off","Off","Off","Off","Normal Encryption","Off","Off","Off","Off","0.0","1","Off","Off","Off","Off","Off","Off","1","0","Off","0","1","0","255","255"
"59","Hou2 Cactus","441.77500","446.77500","D-Digital","High","12.5K","Off","Off","Southern Plains","Group Call","3175","Danny","Always","Carrier","Off","1","1","1","Off","7","2","None","None","Off","Off","Off","Off","Normal Encryption","Off","Off","Off","Off","0.0","1","Off","Off","Off","Off","Off","Off","1","0","Off","0","1","0","255","255"
"60","Hou2 SeTx EmComm","441.77500","446.77500","D-Digital","High","12.5K","Off","Off","SE Tx EmComm","Group Call","8686","Danny","Always","Carrier","Off","1","1","1","Off","7","2","None","None","Off","Off","Off","Off","Normal Encryption","Off","Off","Off","Off","0.0","1","Off","Off","Off","Off","Off","Off","1","0","Off","0","1","0","255","255"
"61","Hou2 TAC.310","441.77500","446.77500","D-Digital","High","12.5K","Off","Off","TAC-310 USA DMRX","Group Call","310","Danny","Always","Carrier","Off","1","1","1","Off","7","1","None","None","Off","Off","Off","Off","Normal Encryption","Off","Off","Off","Off","0.0","1","Off","Off","Off","Off","Off","Off","1","0","Off","0","1","0","255","255"
"62","Hou2 TAC.311","441.77500","446.77500","D-Digital","High","12.5K","Off","Off","TAC-311 USA DMRX","Group Call","311","Danny","Always","Carrier","Off","1","1","1","Off","7","1","None","None","Off","Off","Off","Off","Normal Encryption","Off","Off","Off","Off","0.0","1","Off","Off","Off","Off","Off","Off","1","0","Off","0","1","0","255","255"
"63","Hou2 Tx State","441.77500","446.77500","D-Digital","High","12.5K","Off","Off","Texas","Group Call","3148","Danny","Always","Carrier","Off","1","1","1","Off","7","2","None","None","Off","Off","Off","Off","Normal Encryption","Off","Off","Off","Off","0.0","1","Off","Off","Off","Off","Off","Off","1","0","Off","0","1","0","255","255"
"64","Hou2 W.W.","441.77500","446.77500","D-Digital","High","12.5K","Off","Off","13 WW ENG","Group Call","13","Danny","Always","Carrier","Off","1","1","1","Off","7","1","None","None","Off","Off","Off","Off","Normal Encryption","Off","Off","Off","Off","0.0","1","Off","Off","Off","Off","Off","Off","1","0","Off","0","1","0","255","255"
"65","Houston AMSAT","145.31000","144.71000","A-Analog","High","25K","Off","167.9","World-wide","Group Call","91","Danny","Off","Carrier","Off","1","1","1","Off","0","1","None","None","Off","Off","On","Off","Normal Encryption","Off","Off","Off","Off","0.0","1","Off","Off","Off","Off","Off","Off","1","0","Off","0","1","0","255","255"
"66","Houston Red Cros","147.08000","146.48000","A-Analog","High","25K","Off","Off","World-wide","Group Call","91","Danny","Off","Carrier","Off","1","1","1","Off","0","1","None","None","Off","Off","On","Off","Normal Encryption","Off","Off","Off","Off","0.0","1","Off","Off","Off","Off","Off","Off","1","0","Off","0","1","0","255","255"
"67","Hurricane Net","433.00000","433.00000","D-Digital","Low","12.5K","Off","Off","Hurricane Net","Group Call","3199","Danny","Always","Carrier","Off","1","1","1","Off","1","2","None","None","Off","Off","Off","Off","Normal Encryption","Off","Off","Off","Off","0.0","1","Off","Off","Off","Off","Off","Off","1","0","Off","0","1","0","255","255"
"68","Klein CACTUS","440.30000","445.30000","D-Digital","High","12.5K","Off","Off","Southern Plains","Group Call","3175","Danny","Always","Carrier","Off","1","1","1","Off","3","1","None","None","Off","Off","Off","Off","Normal Encryption","Off","Off","Off","Off","0.0","1","Off","Off","Off","Off","Off","Off","1","0","Off","0","1","0","255","255"
"69","Klein Hou Metro","440.30000","445.30000","D-Digital","High","12.5K","Off","Off","Houston Metro","Group Call","8207","Danny","Always","Carrier","Off","1","1","1","Off","3","2","None","None","Off","Off","Off","Off","Normal Encryption","Off","Off","Off","Off","0.0","1","Off","Off","Off","Off","Off","Off","1","0","Off","0","1","0","255","255"
"70","Klein Houston","440.30000","445.30000","D-Digital","High","12.5K","Off","Off","World-wide","Group Call","91","Danny","Always","Carrier","Off","1","1","1","Off","3","2","None","None","Off","Off","Off","Off","Normal Encryption","Off","Off","Off","Off","0.0","1","Off","Off","Off","Off","Off","Off","1","0","Off","0","1","0","255","255"
"71","Klein Local 2","440.30000","445.30000","D-Digital","High","12.5K","Off","Off","LOCAL 2","Group Call","2","Danny","Always","Carrier","Off","1","1","1","Off","3","1","None","None","Off","Off","Off","Off","Normal Encryption","Off","Off","Off","Off","0.0","1","Off","Off","Off","Off","Off","Off","1","0","Off","0","1","0","255","255"
"72","Klein NARS","440.30000","445.30000","D-Digital","High","12.5K","Off","Off","NARS Club","Private Call","3146211","Danny","Always","Carrier","Off","1","1","1","Off","3","1","None","None","Off","Off","Off","Off","Normal Encryption","Off","Off","Off","Off","0.0","1","Off","Off","Off","Off","Off","Off","1","0","Off","0","1","0","255","255"
"73","Klein NARS TG","440.30000","445.30000","D-Digital","High","12.5K","Off","Off","World-wide","Group Call","91","Danny","Always","Carrier","Off","1","1","1","Off","3","1","None","None","Off","Off","Off","Off","Normal Encryption","Off","Off","Off","Off","0.0","1","Off","Off","Off","Off","Off","Off","1","0","Off","0","1","0","255","255"
"74","Klein SETECG","440.30000","445.30000","D-Digital","High","12.5K","Off","Off","World-wide","Group Call","91","Danny","Always","Carrier","Off","1","1","1","Off","3","2","None","None","Off","Off","Off","Off","Normal Encryption","Off","Off","Off","Off","0.0","1","Off","Off","Off","Off","Off","Off","1","0","Off","0","1","0","255","255"
"75","Klein Se Tx Emco","440.30000","445.30000","D-Digital","High","12.5K","Off","Off","SE Tx EmComm","Group Call","8686","Danny","Always","Carrier","Off","1","1","1","Off","3","2","None","None","Off","Off","Off","Off","Normal Encryption","Off","Off","Off","Off","0.0","1","Off","Off","Off","Off","Off","Off","1","0","Off","0","1","0","255","255"
"76","Klein TX State","440.30000","445.30000","D-Digital","High","12.5K","Off","Off","Texas","Group Call","3148","Danny","Always","Carrier","Off","1","1","1","Off","3","2","None","None","Off","Off","Off","Off","Normal Encryption","Off","Off","Off","Off","0.0","1","Off","Off","Off","Off","Off","Off","1","0","Off","0","1","0","255","255"
"77","Klein Texas Stat","440.30000","445.30000","D-Digital","High","12.5K","Off","Off","Texas","Group Call","3148","Danny","Always","Carrier","Off","1","1","1","Off","3","2","None","None","Off","Off","Off","Off","Normal Encryption","Off","Off","Off","Off","0.0","1","Off","Off","Off","Off","Off","Off","1","0","Off","0","1","0","255","255"
"78","LOUISIANA1","433.00000","433.00000","D-Digital","Low","12.5K","Off","Off","Louisiana","Group Call","3122","Danny","Always","Carrier","Off","1","1","1","Off","1","2","None","None","Off","Off","Off","Off","Normal Encryption","Off","Off","Off","Off","0.0","1","Off","Off","Off","Off","Off","Off","1","0","Off","0","1","0","255","255"
"79","Magnolia REPT","440.71250","445.71250","D-Digital","Turbo","12.5K","Off","Off","TAC-310 USA DMRX","Group Call","310","Danny","Always","Carrier","Off","1","1","1","Off","7","1","None","None","Off","Off","Off","Off","Normal Encryption","Off","Off","Off","Off","131.8","1","Off","Off","Off","Off","Off","Off","1","0","Off","0","1","0","255","255"
"80","Magnolia TX 3148","440.71250","445.71250","D-Digital","Turbo","12.5K","Off","Off","Texas","Group Call","3148","Danny","Always","Carrier","Off","1","1","1","Off","7","2","None","None","Off","Off","Off","Off","Normal Encryption","Off","Off","Off","Off","131.8","1","Off","Off","Off","Off","Off","Off","1","0","Off","0","1","0","255","255"
"81","NWS 1","162.42500","136.00000","A-Analog","Low","25K","Off","Off","World-wide","Group Call","91","Danny","Off","Carrier","Off","1","1","1","Off","0","1","None","None","Off","Off","On","Off","Normal Encryption","Off","Off","Off","Off","0.0","1","Off","Off","Off","Off","Off","Off","1","0","Off","0","0","0","255","255"
"82","NWS 2","162.45000","162.45000","A-Analog","Low","25K","Off","Off","World-wide","Group Call","91","Danny","Off","Carrier","Off","1","1","1","Off","0","1","None","None","Off","Off","On","Off","Normal Encryption","Off","Off","Off","Off","0.0","1","Off","Off","Off","Off","Off","Off","1","0","Off","0","0","0","255","255"
"83","NWS 3","162.47500","136.00000","A-Analog","Low","25K","Off","Off","World-wide","Group Call","91","Danny","Off","Carrier","Off","1","1","1","Off","0","1","None","None","Off","Off","On","Off","Normal Encryption","Off","Off","Off","Off","0.0","1","Off","Off","Off","Off","Off","Off","1","0","Off","0","0","0","255","255"
"84","NWS 4","162.50000","136.00000","A-Analog","Low","25K","Off","Off","World-wide","Group Call","91","Danny","Off","Carrier","Off","1","1","1","Off","0","1","None","None","Off","Off","On","Off","Normal Encryption","Off","Off","Off","Off","0.0","1","Off","Off","Off","Off","Off","Off","1","0","Off","0","0","0","255","255"
"85","NWS 5","162.52500","136.00000","A-Analog","Low","25K","Off","Off","World-wide","Group Call","91","Danny","Off","Carrier","Off","1","1","1","Off","0","1","None","None","Off","Off","On","Off","Normal Encryption","Off","Off","Off","Off","0.0","1","Off","Off","Off","Off","Off","Off","1","0","Off","0","0","0","255","255"
"86","NWS 6","162.55000","136.00000","A-Analog","Low","25K","Off","Off","World-wide","Group Call","91","Danny","Off","Carrier","Off","1","1","1","Off","0","1","None","None","Off","Off","On","Off","Normal Encryption","Off","Off","Off","Off","0.0","1","Off","Off","Off","Off","Off","Off","1","0","Off","0","0","0","255","255"
"87","NWS 8","162.40000","136.00000","A-Analog","Low","25K","Off","Off","World-wide","Group Call","91","Danny","Off","Carrier","Off","1","1","1","Off","0","1","None","None","Off","Off","On","Off","Normal Encryption","Off","Off","Off","Off","0.0","1","Off","Off","Off","Off","Off","Off","1","0","Off","0","1","0","255","255"
"88","NWS 8 MAR83B1","161.77500","161.77500","A-Analog","Low","25K","Off","Off","World-wide","Group Call","91","Danny","Off","Carrier","Off","1","1","1","Off","0","1","None","None","Off","Off","On","Off","Normal Encryption","Off","Off","Off","Off","0.0","1","Off","Off","Off","Off","Off","Off","1","0","Off","0","1","0","255","255"
"89","NWS 8 Mar21B1","161.65000","161.65000","A-Analog","Low","25K","Off","Off","World-wide","Group Call","91","Danny","Off","Carrier","Off","1","1","1","Off","0","1","None","None","Off","Off","On","Off","Normal Encryption","Off","Off","Off","Off","0.0","1","Off","Off","Off","Off","Off","Off","1","0","Off","0","0","0","255","255"
"90","Spring Cactus","444.75000","449.75000","D-Digital","High","12.5K","Off","Off","Southern Plains","Group Call","3175","Danny","Always","Carrier","Off","1","1","1","Off","3","2","None","None","Off","Off","Off","Off","Normal Encryption","Off","Off","Off","Off","0.0","1","Off","Off","Off","Off","Off","Off","1","0","Off","0","1","0","255","255"
"91","Spring HOU Met","444.75000","449.75000","D-Digital","High","12.5K","Off","Off","Houston Metro","Group Call","8207","Danny","Always","Carrier","Off","1","1","1","Off","3","2","None","None","Off","Off","Off","Off","Normal Encryption","Off","Off","Off","Off","0.0","1","Off","Off","Off","Off","Off","Off","1","0","Off","0","1","0","255","255"
"92","Spring K5JLK","442.80000","447.80000","A-Analog","High","25K","146.2","146.2","World-wide","Group Call","91","Danny","Off","CTCSS/DCS","Off","1","1","1","Off","0","1","None","None","Off","Off","On","Off","Normal Encryption","Off","Off","Off","Off","0.0","1","Off","Off","Off","Off","Off","Off","1","0","Off","0","1","0","255","255"
"93","Spring Saltgrass","442.70000","447.70000","A-Analog","High","25K","103.5","103.5","World-wide","Group Call","91","Danny","Off","CTCSS/DCS","Off","1","1","1","Off","0","1","None","None","Off","Off","On","Off","Normal Encryption","Off","Off","Off","Off","0.0","1","Off","Off","Off","Off","Off","Off","1","0","Off","0","0","0","255","255"
"94","Spring TX EmComm","444.75000","449.75000","D-Digital","High","12.5K","Off","Off","SE Tx EmComm","Group Call","8686","Danny","Always","Carrier","Off","1","1","1","Off","3","2","None","None","Off","Off","Off","Off","Normal Encryption","Off","Off","Off","Off","0.0","1","Off","Off","Off","Off","Off","Off","1","0","Off","0","1","0","255","255"
"95","Spring Tx State","444.75000","449.75000","D-Digital","High","12.5K","Off","Off","Texas","Group Call","3148","Danny","Always","Carrier","Off","1","1","1","Off","3","2","None","None","Off","Off","Off","Off","Normal Encryption","Off","Off","Off","Off","0.0","1","Off","Off","Off","Off","Off","Off","1","0","Off","0","1","0","255","255"
"96","Spring V","146.68000","146.08000","A-Analog","High","25K","146.2","146.2","World-wide","Group Call","91","Danny","Off","CTCSS/DCS","Off","1","1","1","Off","0","1","None","None","Off","Off","On","Off","Normal Encryption","Off","Off","Off","Off","0.0","1","Off","Off","Off","Off","Off","Off","1","0","Off","0","1","0","255","255"
"97","Channel VFO A","146.52000","146.52000","A-Analog","Low","25K","Off","Off","World-wide","Group Call","91","Danny","Off","Carrier","Off","1","1","1","Off","7","1","None","None","Off","Off","Off","Off","Normal Encryption","Off","Off","Off","Off","131.8","1","Off","Off","Off","Off","Off","Off","1","0","Off","0","1","0","255","255"
"98","Channel VFO B","145.12500","145.12500","D-Digital","Turbo","25K","Off","Off","World-wide","Group Call","91","Danny","Always","Carrier","Off","1","1","1","Off","1","1","None","None","Off","Off","Off","Off","Normal Encryption","Off","Off","Off","Off","131.8","1","Off","Off","Off","Off","Off","Off","1","0","Off","0","1","0","255","255"
"99","** SEA-1001","156.05000","156.05000","A-Analog","High","25K","Off","Off","World-wide","Group Call","91","Danny","Off","Carrier","Off","1","1","1","Off","7","1","Marine","None","Off","Off","Off","Off","Normal Encryption","Off","Off","Off","Off","131.8","1","Off","Off","Off","Off","Off","Off","1","0","Off","0","1","0","255","255"
"100","** SEA-1005","156.25000","156.25000","A-Analog","High","25K","Off","Off","World-wide","Group Call","91","Danny","Off","Carrier","Off","1","1","1","Off","7","1","Marine","None","Off","Off","Off","Off","Normal Encryption","Off","Off","Off","Off","131.8","1","Off","Off","Off","Off","Off","Off","1","0","Off","0","1","0","255","255"
"101","** SEA-6","156.30000","156.30000","A-Analog","High","25K","Off","Off","World-wide","Group Call","91","Danny","Off","Carrier","Off","1","1","1","Off","7","1","Marine","None","Off","Off","Off","Off","Normal Encryption","Off","Off","Off","Off","131.8","1","Off","Off","Off","Off","Off","Off","1","0","Off","0","1","0","255","255"
"102","** SEA-1007","156.35000","156.35000","A-Analog","High","25K","Off","Off","World-wide","Group Call","91","Danny","Off","Carrier","Off","1","1","1","Off","7","1","Marine","None","Off","Off","Off","Off","Normal Encryption","Off","Off","Off","Off","131.8","1","Off","Off","Off","Off","Off","Off","1","0","Off","0","1","0","255","255"
"103","** SEA-8","156.40000","156.40000","A-Analog","High","25K","Off","Off","World-wide","Group Call","91","Danny","Off","Carrier","Off","1","1","1","Off","7","1","Marine","None","Off","Off","Off","Off","Normal Encryption","Off","Off","Off","Off","131.8","1","Off","Off","Off","Off","Off","Off","1","0","Off","0","1","0","255","255"
"104","** SEA-9","156.45000","156.45000","A-Analog","High","25K","Off","Off","World-wide","Group Call","91","Danny","Off","Carrier","Off","1","1","1","Off","7","1","Marine","None","Off","Off","Off","Off","Normal Encryption","Off","Off","Off","Off","131.8","1","Off","Off","Off","Off","Off","Off","1","0","Off","0","1","0","255","255"
"105","** SEA-10","156.50000","156.50000","A-Analog","High","25K","Off","Off","World-wide","Group Call","91","Danny","Off","Carrier","Off","1","1","1","Off","7","1","Marine","None","Off","Off","Off","Off","Normal Encryption","Off","Off","Off","Off","131.8","1","Off","Off","Off","Off","Off","Off","1","0","Off","0","1","0","255","255"
"106","** SEA-11","156.55000","156.55000","A-Analog","High","25K","Off","Off","World-wide","Group Call","91","Danny","Off","Carrier","Off","1","1","1","Off","7","1","Marine","None","Off","Off","Off","Off","Normal Encryption","Off","Off","Off","Off","131.8","1","Off","Off","Off","Off","Off","Off","1","0","Off","0","1","0","255","255"
"107","** SEA-12","156.60000","156.60000","A-Analog","High","25K","Off","Off","World-wide","Group Call","91","Danny","Off","Carrier","Off","1","1","1","Off","7","1","Marine","None","Off","Off","Off","Off","Normal Encryption","Off","Off","Off","Off","131.8","1","Off","Off","Off","Off","Off","Off","1","0","Off","0","1","0","255","255"
"108","** SEA-13","156.65000","156.65000","A-Analog","High","25K","Off","Off","World-wide","Group Call","91","Danny","Off","Carrier","Off","1","1","1","Off","7","1","Marine","None","Off","Off","Off","Off","Normal Encryption","Off","Off","Off","Off","131.8","1","Off","Off","Off","Off","Off","Off","1","0","Off","0","1","0","255","255"
"109","** SEA-14","156.70000","156.70000","A-Analog","High","25K","Off","Off","World-wide","Group Call","91","Danny","Off","Carrier","Off","1","1","1","Off","7","1","Marine","None","Off","Off","Off","Off","Normal Encryption","Off","Off","Off","Off","131.8","1","Off","Off","Off","Off","Off","Off","1","0","Off","0","1","0","255","255"
"110","** SEA-15","156.75000","156.75000","A-Analog","High","25K","Off","Off","World-wide","Group Call","91","Danny","Off","Carrier","Off","1","1","1","Off","7","1","Marine","None","Off","Off","Off","Off","Normal Encryption","Off","Off","Off","Off","131.8","1","Off","Off","Off","Off","Off","Off","1","0","Off","0","1","0","255","255"
"111","** SEA-16","156.80000","156.80000","A-Analog","High","25K","Off","Off","World-wide","Group Call","91","Danny","Off","Carrier","Off","1","1","1","Off","7","1","Marine","None","Off","Off","Off","Off","Normal Encryption","Off","Off","Off","Off","131.8","1","Off","Off","Off","Off","Off","Off","1","0","Off","0","1","0","255","255"
"112","** SEA-17","156.85000","156.85000","A-Analog","High","25K","Off","Off","World-wide","Group Call","91","Danny","Off","Carrier","Off","1","1","1","Off","7","1","Marine","None","Off","Off","Off","Off","Normal Encryption","Off","Off","Off","Off","131.8","1","Off","Off","Off","Off","Off","Off","1","0","Off","0","1","0","255","255"
"113","** SEA-1018","156.90000","156.90000","A-Analog","High","25K","Off","Off","World-wide","Group Call","91","Danny","Off","Carrier","Off","1","1","1","Off","7","1","Marine","None","Off","Off","Off","Off","Normal Encryption","Off","Off","Off","Off","131.8","1","Off","Off","Off","Off","Off","Off","1","0","Off","0","1","0","255","255"
"114","** SEA-1019","156.95000","156.95000","A-Analog","High","25K","Off","Off","World-wide","Group Call","91","Danny","Off","Carrier","Off","1","1","1","Off","7","1","Marine","None","Off","Off","Off","Off","Normal Encryption","Off","Off","Off","Off","131.8","1","Off","Off","Off","Off","Off","Off","1","0","Off","0","1","0","255","255"
"115","** SEA-20","161.60000","157.00000","A-Analog","High","25K","Off","Off","World-wide","Group Call","91","Danny","Off","Carrier","Off","1","1","1","Off","7","1","Marine","None","Off","Off","Off","Off","Normal Encryption","Off","Off","Off","Off","131.8","1","Off","Off","Off","Off","Off","Off","1","0","Off","0","1","0","255","255"
"116","** SEA-1020","157.00000","157.00000","A-Analog","High","25K","Off","Off","World-wide","Group Call","91","Danny","Off","Carrier","Off","1","1","1","Off","7","1","Marine","None","Off","Off","Off","Off","Normal Encryption","Off","Off","Off","Off","131.8","1","Off","Off","Off","Off","Off","Off","1","0","Off","0","1","0","255","255"
"117","** SEA-1021","157.05000","157.05000","A-Analog","High","25K","Off","Off","World-wide","Group Call","91","Danny","Off","Carrier","Off","1","1","1","Off","7","1","Marine","None","Off","Off","Off","Off","Normal Encryption","Off","Off","Off","Off","131.8","1","Off","Off","Off","Off","Off","Off","1","0","Off","0","1","0","255","255"
"118","** SEA-1022","157.10000","157.10000","A-Analog","High","25K","Off","Off","World-wide","Group Call","91","Danny","Off","Carrier","Off","1","1","1","Off","7","1","Marine","None","Off","Off","Off","Off","Normal Encryption","Off","Off","Off","Off","131.8","1","Off","Off","Off","Off","Off","Off","1","0","Off","0","1","0","255","255"
"119","** SEA-1023","157.15000","157.15000","A-Analog","High","25K","Off","Off","World-wide","Group Call","91","Danny","Off","Carrier","Off","1","1","1","Off","7","1","Marine","None","Off","Off","Off","Off","Normal Encryption","Off","Off","Off","Off","131.8","1","Off","Off","Off","Off","Off","Off","1","0","Off","0","1","0","255","255"
"120","** SEA-24","161.80000","157.20000","A-Analog","High","25K","Off","Off","World-wide","Group Call","91","Danny","Off","Carrier","Off","1","1","1","Off","7","1","Marine","None","Off","Off","Off","Off","Normal Encryption","Off","Off","Off","Off","131.8","1","Off","Off","Off","Off","Off","Off","1","0","Off","0","1","0","255","255"
"121","** SEA-25","161.85000","157.25000","A-Analog","High","25K","Off","Off","World-wide","Group Call","91","Danny","Off","Carrier","Off","1","1","1","Off","7","1","Marine","None","Off","Off","Off","Off","Normal Encryption","Off","Off","Off","Off","131.8","1","Off","Off","Off","Off","Off","Off","1","0","Off","0","1","0","255","255"
"122","** SEA-26","161.90000","157.30000","A-Analog","High","25K","Off","Off","World-wide","Group Call","91","Danny","Off","Carrier","Off","1","1","1","Off","7","1","Marine","None","Off","Off","Off","Off","Normal Encryption","Off","Off","Off","Off","131.8","1","Off","Off","Off","Off","Off","Off","1","0","Off","0","1","0","255","255"
"123","** SEA-27","161.95000","157.35000","A-Analog","High","25K","Off","Off","World-wide","Group Call","91","Danny","Off","Carrier","Off","1","1","1","Off","7","1","Marine","None","Off","Off","Off","Off","Normal Encryption","Off","Off","Off","Off","131.8","1","Off","Off","Off","Off","Off","Off","1","0","Off","0","1","0","255","255"
"124","** SEA-28","162.00000","157.40000","A-Analog","High","25K","Off","Off","World-wide","Group Call","91","Danny","Off","Carrier","Off","1","1","1","Off","7","1","Marine","None","Off","Off","Off","Off","Normal Encryption","Off","Off","Off","Off","131.8","1","Off","Off","Off","Off","Off","Off","1","0","Off","0","1","0","255","255"
"125","** SEA-1063","156.17500","156.17500","A-Analog","High","25K","Off","Off","World-wide","Group Call","91","Danny","Off","Carrier","Off","1","1","1","Off","7","1","Marine","None","Off","Off","Off","Off","Normal Encryption","Off","Off","Off","Off","131.8","1","Off","Off","Off","Off","Off","Off","1","0","Off","0","1","0","255","255"
"126","** SEA-1065","156.27500","156.27500","A-Analog","High","25K","Off","Off","World-wide","Group Call","91","Danny","Off","Carrier","Off","1","1","1","Off","7","1","Marine","None","Off","Off","Off","Off","Normal Encryption","Off","Off","Off","Off","131.8","1","Off","Off","Off","Off","Off","Off","1","0","Off","0","1","0","255","255"
"127","** SEA-1066","156.32500","156.32500","A-Analog","High","25K","Off","Off","World-wide","Group Call","91","Danny","Off","Carrier","Off","1","1","1","Off","7","1","Marine","None","Off","Off","Off","Off","Normal Encryption","Off","Off","Off","Off","131.8","1","Off","Off","Off","Off","Off","Off","1","0","Off","0","1","0","255","255"
"128","** SEA-67","156.37500","156.37500","A-Analog","High","25K","Off","Off","World-wide","Group Call","91","Danny","Off","Carrier","Off","1","1","1","Off","7","1","Marine","None","Off","Off","Off","Off","Normal Encryption","Off","Off","Off","Off","131.8","1","Off","Off","Off","Off","Off","Off","1","0","Off","0","1","0","255","255"
"129","** SEA-68","156.42500","156.42500","A-Analog","High","25K","Off","Off","World-wide","Group Call","91","Danny","Off","Carrier","Off","1","1","1","Off","7","1","Marine","None","Off","Off","Off","Off","Normal Encryption","Off","Off","Off","Off","131.8","1","Off","Off","Off","Off","Off","Off","1","0","Off","0","1","0","255","255"
"130","** SEA-69","156.47500","156.47500","A-Analog","High","25K","Off","Off","World-wide","Group Call","91","Danny","Off","Carrier","Off","1","1","1","Off","7","1","Marine","None","Off","Off","Off","Off","Normal Encryption","Off","Off","Off","Off","131.8","1","Off","Off","Off","Off","Off","Off","1","0","Off","0","1","0","255","255"
"131","** SEA-70","156.52500","156.52500","A-Analog","High","25K","Off","Off","World-wide","Group Call","91","Danny","Off","Carrier","Off","1","1","1","Off","7","1","Marine","None","Off","Off","Off","Off","Normal Encryption","Off","Off","Off","Off","131.8","1","Off","Off","Off","Off","Off","Off","1","0","Off","0","1","0","255","255"
"132","** SEA-71","156.57500","156.57500","A-Analog","High","25K","Off","Off","World-wide","Group Call","91","Danny","Off","Carrier","Off","1","1","1","Off","7","1","Marine","None","Off","Off","Off","Off","Normal Encryption","Off","Off","Off","Off","131.8","1","Off","Off","Off","Off","Off","Off","1","0","Off","0","1","0","255","255"
"133","** SEA-72","156.62500","156.62500","A-Analog","High","25K","Off","Off","World-wide","Group Call","91","Danny","Off","Carrier","Off","1","1","1","Off","7","1","Marine","None","Off","Off","Off","Off","Normal Encryption","Off","Off","Off","Off","131.8","1","Off","Off","Off","Off","Off","Off","1","0","Off","0","1","0","255","255"
"134","** SEA-73","156.67500","156.67500","A-Analog","High","25K","Off","Off","World-wide","Group Call","91","Danny","Off","Carrier","Off","1","1","1","Off","7","1","Marine","None","Off","Off","Off","Off","Normal Encryption","Off","Off","Off","Off","131.8","1","Off","Off","Off","Off","Off","Off","1","0","Off","0","1","0","255","255"
"135","** SEA-74","156.72500","156.72500","A-Analog","High","25K","Off","Off","World-wide","Group Call","91","Danny","Off","Carrier","Off","1","1","1","Off","7","1","Marine","None","Off","Off","Off","Off","Normal Encryption","Off","Off","Off","Off","131.8","1","Off","Off","Off","Off","Off","Off","1","0","Off","0","1","0","255","255"
"136","** SEA-77","156.87500","156.87500","A-Analog","High","25K","Off","Off","World-wide","Group Call","91","Danny","Off","Carrier","Off","1","1","1","Off","7","1","Marine","None","Off","Off","Off","Off","Normal Encryption","Off","Off","Off","Off","131.8","1","Off","Off","Off","Off","Off","Off","1","0","Off","0","1","0","255","255"
"137","** SEA-1078","156.92500","156.92500","A-Analog","High","25K","Off","Off","World-wide","Group Call","91","Danny","Off","Carrier","Off","1","1","1","Off","7","1","Marine","None","Off","Off","Off","Off","Normal Encryption","Off","Off","Off","Off","131.8","1","Off","Off","Off","Off","Off","Off","1","0","Off","0","1","0","255","255"
"138","** SEA-1079","156.97500","156.97500","A-Analog","High","25K","Off","Off","World-wide","Group Call","91","Danny","Off","Carrier","Off","1","1","1","Off","7","1","Marine","None","Off","Off","Off","Off","Normal Encryption","Off","Off","Off","Off","131.8","1","Off","Off","Off","Off","Off","Off","1","0","Off","0","1","0","255","255"
"139","** SEA-1080","157.02500","157.02500","A-Analog","High","25K","Off","Off","World-wide","Group Call","91","Danny","Off","Carrier","Off","1","1","1","Off","7","1","Marine","None","Off","Off","Off","Off","Normal Encryption","Off","Off","Off","Off","131.8","1","Off","Off","Off","Off","Off","Off","1","0","Off","0","1","0","255","255"
"140","** SEA-1081","157.07500","157.07500","A-Analog","High","25K","Off","Off","World-wide","Group Call","91","Danny","Off","Carrier","Off","1","1","1","Off","7","1","Marine","None","Off","Off","Off","Off","Normal Encryption","Off","Off","Off","Off","131.8","1","Off","Off","Off","Off","Off","Off","1","0","Off","0","1","0","255","255"
"141","** SEA-1082","157.12500","157.12500","A-Analog","High","25K","Off","Off","World-wide","Group Call","91","Danny","Off","Carrier","Off","1","1","1","Off","7","1","Marine","None","Off","Off","Off","Off","Normal Encryption","Off","Off","Off","Off","131.8","1","Off","Off","Off","Off","Off","Off","1","0","Off","0","1","0","255","255"
"142","** SEA-1083","157.17500","157.17500","A-Analog","High","25K","Off","Off","World-wide","Group Call","91","Danny","Off","Carrier","Off","1","1","1","Off","7","1","Marine","None","Off","Off","Off","Off","Normal Encryption","Off","Off","Off","Off","131.8","1","Off","Off","Off","Off","Off","Off","1","0","Off","0","1","0","255","255"
"143","** SEA-84","161.82500","157.22500","A-Analog","High","25K","Off","Off","World-wide","Group Call","91","Danny","Off","Carrier","Off","1","1","1","Off","7","1","Marine","None","Off","Off","Off","Off","Normal Encryption","Off","Off","Off","Off","131.8","1","Off","Off","Off","Off","Off","Off","1","0","Off","0","1","0","255","255"
"144","** SEA-85","161.87500","157.27500","A-Analog","High","25K","Off","Off","World-wide","Group Call","91","Danny","Off","Carrier","Off","1","1","1","Off","7","1","Marine","None","Off","Off","Off","Off","Normal Encryption","Off","Off","Off","Off","131.8","1","Off","Off","Off","Off","Off","Off","1","0","Off","0","1","0","255","255"
"145","** SEA-86","161.92500","157.32500","A-Analog","High","25K","Off","Off","World-wide","Group Call","91","Danny","Off","Carrier","Off","1","1","1","Off","7","1","Marine","None","Off","Off","Off","Off","Normal Encryption","Off","Off","Off","Off","131.8","1","Off","Off","Off","Off","Off","Off","1","0","Off","0","1","0","255","255"
"146","** SEA-87","157.37500","157.37500","A-Analog","High","25K","Off","Off","World-wide","Group Call","91","Danny","Off","Carrier","Off","1","1","1","Off","7","1","Marine","None","Off","Off","Off","Off","Normal Encryption","Off","Off","Off","Off","131.8","1","Off","Off","Off","Off","Off","Off","1","0","Off","0","1","0","255","255"
"147","** SEA-88","157.42500","157.42500","A-Analog","High","25K","Off","Off","World-wide","Group Call","91","Danny","Off","Carrier","Off","1","1","1","Off","7","1","Marine","None","Off","Off","Off","Off","Normal Encryption","Off","Off","Off","Off","131.8","1","Off","Off","Off","Off","Off","Off","1","0","Off","0","1","0","255","255"
"148","** SEA-AIS 1","161.97500","161.97500","A-Analog","High","25K","Off","Off","World-wide","Group Call","91","Danny","Off","Carrier","Off","1","1","1","Off","7","1","None","None","Off","Off","Off","Off","Normal Encryption","Off","Off","Off","Off","131.8","1","Off","Off","Off","Off","Off","Off","1","0","Off","0","1","0","255","255"
"149","** SEA-AIS 2","162.02500","162.02500","A-Analog","High","25K","Off","Off","World-wide","Group Call","91","Danny","Off","Carrier","Off","1","1","1","Off","7","1","None","None","Off","Off","Off","Off","Normal Encryption","Off","Off","Off","Off","131.8","1","Off","Off","Off","Off","Off","Off","1","0","Off","0","1","0","255","255"
"150","FRS/GMRS 1","462.56250","462.56250","A-Analog","Low","25K","Off","Off","World-wide","Group Call","91","Danny","Off","Carrier","Off","1","1","1","Off","0","1","None","None","Off","Off","On","Off","Normal Encryption","Off","Off","Off","Off","0.0","1","Off","Off","Off","Off","Off","Off","1","0","Off","0","0","0","255","255"
"151","FRS/GMRS 2","462.58750","462.58750","A-Analog","Low","25K","Off","Off","World-wide","Group Call","91","Danny","Off","Carrier","Off","1","1","1","Off","0","1","None","None","Off","Off","On","Off","Normal Encryption","Off","Off","Off","Off","0.0","1","Off","Off","Off","Off","Off","Off","1","0","Off","0","0","0","255","255"
"152","FRS/GMRS 3","462.61250","462.61250","A-Analog","Low","25K","Off","Off","World-wide","Group Call","91","Danny","Off","Carrier","Off","1","1","1","Off","0","1","None","None","Off","Off","On","Off","Normal Encryption","Off","Off","Off","Off","0.0","1","Off","Off","Off","Off","Off","Off","1","0","Off","0","0","0","255","255"
"153","FRS/GMRS 4","462.63750","462.63750","A-Analog","Low","25K","Off","Off","World-wide","Group Call","91","Danny","Off","Carrier","Off","1","1","1","Off","0","1","None","None","Off","Off","On","Off","Normal Encryption","Off","Off","Off","Off","0.0","1","Off","Off","Off","Off","Off","Off","1","0","Off","0","0","0","255","255"
"154","FRS/GMRS 5","462.66250","462.66250","A-Analog","Low","25K","Off","Off","World-wide","Group Call","91","Danny","Off","Carrier","Off","1","1","1","Off","0","1","None","None","Off","Off","On","Off","Normal Encryption","Off","Off","Off","Off","0.0","1","Off","Off","Off","Off","Off","Off","1","0","Off","0","0","0","255","255"
"155","FRS/GMRS 6","462.68750","462.68750","A-Analog","Low","25K","Off","Off","World-wide","Group Call","91","Danny","Off","Carrier","Off","1","1","1","Off","0","1","None","None","Off","Off","On","Off","Normal Encryption","Off","Off","Off","Off","0.0","1","Off","Off","Off","Off","Off","Off","1","0","Off","0","0","0","255","255"
"156","FRS/GMRS 7","462.71250","462.71250","A-Analog","Low","25K","Off","Off","World-wide","Group Call","91","Danny","Off","Carrier","Off","1","1","1","Off","0","1","None","None","Off","Off","On","Off","Normal Encryption","Off","Off","Off","Off","0.0","1","Off","Off","Off","Off","Off","Off","1","0","Off","0","0","0","255","255"
"157","FRS/GMRS 8","467.56250","467.56250","A-Analog","Low","25K","Off","Off","World-wide","Group Call","91","Danny","Off","Carrier","Off","1","1","1","Off","0","1","None","None","Off","Off","On","Off","Normal Encryption","Off","Off","Off","Off","0.0","1","Off","Off","Off","Off","Off","Off","1","0","Off","0","0","0","255","255"
"158","FRS/GMRS 9","467.48750","467.48750","A-Analog","Low","25K","Off","Off","World-wide","Group Call","91","Danny","Off","Carrier","Off","1","1","1","Off","0","1","None","None","Off","Off","On","Off","Normal Encryption","Off","Off","Off","Off","0.0","1","Off","Off","Off","Off","Off","Off","1","0","Off","0","0","0","255","255"
"159","FRS/GMRS 10","467.61250","467.61250","A-Analog","Low","25K","Off","Off","World-wide","Group Call","91","Danny","Off","Carrier","Off","1","1","1","Off","0","1","None","None","Off","Off","On","Off","Normal Encryption","Off","Off","Off","Off","0.0","1","Off","Off","Off","Off","Off","Off","1","0","Off","0","0","0","255","255"
"160","FRS/GMRS 11","467.63750","467.63750","A-Analog","Low","25K","Off","Off","World-wide","Group Call","91","Danny","Off","Carrier","Off","1","1","1","Off","0","1","None","None","Off","Off","On","Off","Normal Encryption","Off","Off","Off","Off","0.0","1","Off","Off","Off","Off","Off","Off","1","0","Off","0","0","0","255","255"
"161","FRS/GMRS 12","467.66250","467.66250","A-Analog","Low","25K","Off","Off","World-wide","Group Call","91","Danny","Off","Carrier","Off","1","1","1","Off","0","1","None","None","Off","Off","On","Off","Normal Encryption","Off","Off","Off","Off","0.0","1","Off","Off","Off","Off","Off","Off","1","0","Off","0","0","0","255","255"
"162","FRS/GMRS 13","467.68750","467.68750","A-Analog","Low","25K","Off","Off","World-wide","Group Call","91","Danny","Off","Carrier","Off","1","1","1","Off","0","1","None","None","Off","Off","On","Off","Normal Encryption","Off","Off","Off","Off","0.0","1","Off","Off","Off","Off","Off","Off","1","0","Off","0","0","0","255","255"
"163","FRS/GMRS 14","467.71250","467.71250","A-Analog","Low","25K","Off","Off","World-wide","Group Call","91","Danny","Off","Carrier","Off","1","1","1","Off","0","1","None","None","Off","Off","On","Off","Normal Encryption","Off","Off","Off","Off","0.0","1","Off","Off","Off","Off","Off","Off","1","0","Off","0","0","0","255","255"
"164","FRS/GMRS 15","462.55000","462.55000","A-Analog","Low","25K","Off","Off","World-wide","Group Call","91","Danny","Off","Carrier","Off","1","1","1","Off","0","1","None","None","Off","Off","On","Off","Normal Encryption","Off","Off","Off","Off","0.0","1","Off","Off","Off","Off","Off","Off","1","0","Off","0","0","0","255","255"
"165","FRS/GMRS 16","462.57500","462.57500","A-Analog","Low","25K","Off","Off","World-wide","Group Call","91","Danny","Off","Carrier","Off","1","1","1","Off","0","1","None","None","Off","Off","On","Off","Normal Encryption","Off","Off","Off","Off","0.0","1","Off","Off","Off","Off","Off","Off","1","0","Off","0","0","0","255","255"
"166","FRS/GMRS 17","462.60000","462.60000","A-Analog","Low","25K","Off","Off","World-wide","Group Call","91","Danny","Off","Carrier","Off","1","1","1","Off","0","1","None","None","Off","Off","On","Off","Normal Encryption","Off","Off","Off","Off","0.0","1","Off","Off","Off","Off","Off","Off","1","0","Off","0","0","0","255","255"
"167","FRS/GMRS 18","462.62500","462.62500","A-Analog","Low","25K","Off","Off","World-wide","Group Call","91","Danny","Off","Carrier","Off","1","1","1","Off","0","1","None","None","Off","Off","On","Off","Normal Encryption","Off","Off","Off","Off","0.0","1","Off","Off","Off","Off","Off","Off","1","0","Off","0","0","0","255","255"
"168","FRS/GMRS 19","462.65000","462.65000","A-Analog","Low","25K","Off","Off","World-wide","Group Call","91","Danny","Off","Carrier","Off","1","1","1","Off","0","1","None","None","Off","Off","On","Off","Normal Encryption","Off","Off","Off","Off","0.0","1","Off","Off","Off","Off","Off","Off","1","0","Off","0","0","0","255","255"
"169","FRS/GMRS 20","462.67500","462.67500","A-Analog","Low","25K","Off","Off","World-wide","Group Call","91","Danny","Off","Carrier","Off","1","1","1","Off","0","1","None","None","Off","Off","On","Off","Normal Encryption","Off","Off","Off","Off","0.0","1","Off","Off","Off","Off","Off","Off","1","0","Off","0","1","0","255","255"
"170","FRS/GMRS 21","462.70000","462.70000","A-Analog","Low","25K","Off","Off","World-wide","Group Call","91","Danny","Off","Carrier","Off","1","1","1","Off","0","1","None","None","Off","Off","On","Off","Normal Encryption","Off","Off","Off","Off","0.0","1","Off","Off","Off","Off","Off","Off","1","0","Off","0","1","0","255","255"
"171","FRS/GMRS 22","462.72500","462.72500","A-Analog","Low","25K","Off","Off","World-wide","Group Call","91","Danny","Off","Carrier","Off","1","1","1","Off","0","1","None","None","Off","Off","On","Off","Normal Encryption","Off","Off","Off","Off","0.0","1","Off","Off","Off","Off","Off","Off","1","0","Off","0","1","0","255","255"
"172","WX4SFL Key Largo","146.61000","146.01000","A-Analog","High","25K","94.8","94.8","World-wide","Group Call","91","Danny","Off","CTCSS/DCS","Off","1","1","1","Off","1","1","FL Keys","None","Off","Off","Off","Off","Normal Encryption","Off","Off","Off","Off","251.1","1","Off","Off","Off","Off","Off","Off","1","0","Off","0","1","0","255","255"
"173","KC4SFA Key Largo","147.16500","147.76500","A-Analog","High","25K","94.8","94.8","World-wide","Group Call","91","Danny","Off","CTCSS/DCS","Off","1","1","1","Off","1","1","FL Keys","None","Off","Off","Off","Off","Normal Encryption","Off","Off","Off","Off","251.1","1","Off","Off","Off","Off","Off","Off","1","0","Off","0","1","0","255","255"
"174","Key W 2 k4fhe","147.34500","147.94500","A-Analog","High","25K","94.8","94.8","World-wide","Group Call","91","Danny","Off","CTCSS/DCS","Off","1","1","1","Off","1","1","FL Keys","None","Off","Off","Off","Off","Normal Encryption","Off","Off","Off","Off","251.1","1","Off","Off","Off","Off","Off","Off","1","0","Off","0","1","0","255","255"
"175","Scout Key 2","146.67000","146.07000","A-Analog","High","25K","94.8","94.8","World-wide","Group Call","91","Danny","Off","CTCSS/DCS","Off","1","1","1","Off","1","1","FL Keys","None","Off","Off","Off","Off","Normal Encryption","Off","Off","Off","Off","251.1","1","Off","Off","Off","Off","Off","Off","1","0","Off","0","1","0","255","255"
"176","Marathon","147.25500","147.85500","A-Analog","High","25K","94.8","94.8","World-wide","Group Call","91","Danny","Off","CTCSS/DCS","Off","1","1","1","Off","1","1","FL Keys","None","Off","Off","Off","Off","Normal Encryption","Off","Off","Off","Off","251.1","1","Off","Off","Off","Off","Off","Off","1","0","Off","0","1","0","255","255"
"177","Plant Key","146.71500","146.11500","A-Analog","High","25K","94.8","94.8","World-wide","Group Call","91","Danny","Off","CTCSS/DCS","Off","1","1","1","Off","1","1","FL Keys","None","Off","Off","Off","Off","Normal Encryption","Off","Off","Off","Off","251.1","1","Off","Off","Off","Off","Off","Off","1","0","Off","0","1","0","255","255"
"178","Key W 70cm","444.70000","449.70000","A-Analog","High","25K","94.8","94.8","World-wide","Group Call","91","Danny","Off","CTCSS/DCS","Off","1","1","1","Off","1","1","FL Keys","None","Off","Off","Off","Off","Normal Encryption","Off","Off","Off","Off","251.1","1","Off","Off","Off","Off","Off","Off","1","0","Off","0","1","0","255","255"
"179","Scout Key 70","442.40000","447.40000","A-Analog","High","25K","94.8","94.8","World-wide","Group Call","91","Danny","Off","CTCSS/DCS","Off","1","1","1","Off","1","1","FL Keys","None","Off","Off","Off","Off","Normal Encryption","Off","Off","Off","Off","251.1","1","Off","Off","Off","Off","Off","Off","1","0","Off","0","1","0","255","255"
"180","Marathon 70","444.85000","449.85000","A-Analog","High","25K","94.8","94.8","World-wide","Group Call","91","Danny","Off","CTCSS/DCS","Off","1","1","1","Off","1","1","FL Keys","None","Off","Off","Off","Off","Normal Encryption","Off","Off","Off","Off","251.1","1","Off","Off","Off","Off","Off","Off","1","0","Off","0","1","0","255","255"
"181","Plant Key 70","443.45000","448.45000","A-Analog","High","25K","94.8","94.8","World-wide","Group Call","91","Danny","Off","CTCSS/DCS","Off","1","1","1","Off","1","1","FL Keys","None","Off","Off","Off","Off","Normal Encryption","Off","Off","Off","Off","251.1","1","Off","Off","Off","Off","Off","Off","1","0","Off","0","1","0","255","255"
"4001","Channel VFO A","146.52000","146.52000","A-Analog","Low","25K","Off","Off","World-wide","Group Call","91","Danny","Off","Carrier","Off","1","1","1","Off","7","1","None","None","Off","Off","Off","Off","Normal Encryption","Off","Off","Off","Off","131.8","1","Off","Off","Off","Off","Off","Off","1","0","Off","0","1","0","255","255"
"4002","Channel VFO B","145.11250","145.11250","D-Digital","Turbo","25K","Off","Off","World-wide","Group Call","91","Danny","Always","Carrier","Off","1","1","1","Off","1","1","None","None","Off","Off","Off","Off","Normal Encryption","Off","Off","Off","Off","131.8","1","Off","Off","Off","Off","Off","Off","1","0","Off","0","1","0","100","100"
