No.,Channel Name,Receive Frequency,Transmit Frequency,Channel Type,Transmit Power,Band Width,CTCSS/DCS Decode,CTCSS/DCS Encode,Contact,Contact Call Type,Contact TG/DMR ID,Radio ID,Busy Lock/TX Permit,Squelch Mode,Optional Signal,DTMF ID,2Tone ID,5Tone ID,PTT ID,Color Code,Slot,Scan List,Receive Group List,PTT Prohibit,Reverse,Simplex TDMA,Slot Suit,AES Digital Encryption,Digital Encryption,Call Confirmation,Talk Around(Simplex),Work Alone,Custom CTCSS,2TONE Decode,Ranging,Through Mode,Digi APRS RX,Analog APRS PTT Mode,Digital APRS PTT Mode,APRS Report Type,Digital APRS Report Channel,Correct Frequency[Hz],SMS Confirmation,Exclude channel from roaming,DMR MODE,DataACK Disable,R5toneBot,R5ToneEot
1,NATL APRS,144.39,144.39,A-Analog,Turbo,25K,Off,Off,World-wide,Group Call,91,Danny,Off,Carrier,Off,1,1,1,Off,1,1,None,None,Off,Off,Off,Off,Normal Encryption,Off,Off,Off,Off,251.1,1,Off,Off,Off,Off,Off,Analog,1,0,Off,0,1,0,100,100
2,N-Simplex,146.52,146.52,A-Analog,Turbo,25K,Off,Off,World-wide,Group Call,91,Danny,Off,Carrier,Off,1,1,1,Off,1,1,Lufkin A-Locals,None,Off,Off,Off,Off,Normal Encryption,Off,Off,Off,Off,251.1,1,Off,Off,Off,Off,Off,Off,1,0,Off,0,1,0,100,100
3,ANG-940,146.94,146.34,A-Analog,Turbo,25K,141.3,141.3,World-wide,Group Call,91,Danny,Off,CTCSS/DCS,Off,1,1,1,Off,1,1,Lufkin A-Locals,None,Off,Off,Off,Off,Normal Encryption,Off,Off,Off,Off,251.1,1,Off,Off,Off,Off,Off,Off,1,0,Off,0,1,0,255,255
4,ANG-26,147.26,147.86,A-Analog,High,25K,141.3,141.3,World-wide,Group Call,91,Danny,Off,CTCSS/DCS,Off,1,1,1,Off,1,1,Lufkin A-Locals,None,Off,Off,Off,Off,Normal Encryption,Off,Off,Off,Off,251.1,1,Off,Off,Off,Off,Off,Off,1,0,Off,0,1,0,255,255
5,Rusk-25,145.25,144.65,A-Analog,High,25K,131.8,131.8,World-wide,Group Call,91,Danny,Off,Carrier,Off,1,1,1,Off,1,1,Lufkin A-Locals,None,Off,Off,Off,Off,Normal Encryption,Off,Off,Off,Off,251.1,1,Off,Off,Off,Off,Off,Off,1,0,Off,0,1,0,255,255
6,Jack-38,147.38,147.98,A-Analog,High,25K,136.5,136.5,World-wide,Group Call,91,Danny,Off,Carrier,Off,1,1,1,Off,1,1,Lufkin A-Locals,None,Off,Off,Off,Off,Normal Encryption,Off,Off,Off,Off,251.1,1,Off,Off,Off,Off,Off,Off,1,0,Off,0,1,0,255,255
7,Tyler-21,145.21,144.46,A-Analog,High,25K,136.5,136.5,World-wide,Group Call,91,Danny,Off,Carrier,Off,1,1,1,Off,1,1,Lufkin A-Locals,None,Off,Off,Off,Off,Normal Encryption,Off,Off,Off,Off,251.1,1,Off,Off,Off,Off,Off,Off,1,0,Off,0,1,0,255,255
8,Tyler-37,145.37,144.77,A-Analog,High,25K,136.5,136.5,World-wide,Group Call,91,Danny,Off,Carrier,Off,1,1,1,Off,1,1,Lufkin A-Locals,None,Off,Off,Off,Off,Normal Encryption,Off,Off,Off,Off,251.1,1,Off,Off,Off,Off,Off,Off,1,0,Off,0,1,0,255,255
9,Tyler-96,146.96,146.36,A-Analog,High,25K,88.5,136.5,World-wide,Group Call,91,Danny,Off,Carrier,Off,1,1,1,Off,1,1,Lufkin A-Locals,None,Off,Off,Off,Off,Normal Encryption,Off,Off,Off,Off,251.1,1,Off,Off,Off,Off,Off,Off,1,0,Off,0,1,0,255,255
11,ISS Voice 10,437.81,145.99,A-Analog,Turbo,25K,Off,67,World-wide,Group Call,91,Danny,Off,Carrier,Off,1,1,1,Off,1,1,ISS Voice,None,Off,Off,Off,Off,Normal Encryption,Off,Off,Off,Off,251.1,1,Off,On,Off,Off,Off,Off,1,0,Off,0,0,0,0,0
12,ISS Voice 5,437.805,145.99,A-Analog,Turbo,25K,Off,67,World-wide,Group Call,91,Danny,Off,Carrier,Off,1,1,1,Off,1,1,ISS Voice,None,Off,Off,Off,Off,Normal Encryption,Off,Off,Off,Off,251.1,1,Off,On,Off,Off,Off,Off,1,0,Off,0,0,0,0,0
13,ISS Voice,437.8,145.99,A-Analog,Turbo,25K,Off,67,World-wide,Group Call,91,Danny,Off,Carrier,Off,1,1,1,Off,1,1,APRS,None,Off,Off,Off,Off,Normal Encryption,Off,Off,Off,Off,251.1,1,Off,On,Off,Off,Off,Off,1,0,Off,0,0,0,0,0
14,ISS Voice -5,437.795,145.99,A-Analog,Turbo,25K,Off,67,World-wide,Group Call,91,Danny,Off,Carrier,Off,1,1,1,Off,1,1,APRS,None,Off,Off,Off,Off,Normal Encryption,Off,Off,Off,Off,251.1,1,Off,On,Off,Off,Off,Off,1,0,Off,0,0,0,0,0
15,ISS Voice -10,437.79,145.99,A-Analog,Turbo,25K,Off,67,World-wide,Group Call,91,Danny,Off,Carrier,Off,1,1,1,Off,1,1,APRS,None,Off,Off,Off,Off,Normal Encryption,Off,Off,Off,Off,251.1,1,Off,On,Off,Off,Off,Off,1,0,Off,0,0,0,0,0
16,ISS APRS,145.825,145.825,A-Analog,Turbo,12.5K,Off,Off,World-wide,Group Call,91,Danny,Off,Carrier,Off,1,1,1,Off,1,1,None,None,Off,Off,Off,Off,Normal Encryption,Off,Off,Off,Off,251.1,1,Off,On,Off,Off,Off,Off,1,0,Off,0,0,0,0,0
18,Worldwide BM1,440,445,D-Digital,Turbo,12.5K,Off,Off,World-wide,Group Call,91,Danny,Different Color Code,Carrier,Off,1,1,1,Off,9,1,Lufkin DMR,None,Off,Off,Off,Off,Normal Encryption,Off,Off,Off,Off,251.1,1,Off,Off,Off,Off,Off,Off,1,0,Off,0,1,0,255,255
19,ANG-425,444.425,449.425,A-Analog,Turbo,25K,107.2,107.2,World-wide,Group Call,91,Danny,Off,Carrier,Off,1,1,1,Off,1,1,Lufkin A-Locals,None,Off,Off,Off,Off,Normal Encryption,Off,Off,Off,Off,251.1,1,Off,Off,Off,Off,Off,Off,1,0,Off,0,1,0,255,255
20,W5IRP UHF,444.975,439.975,A-Analog,Turbo,25K,107.2,Off,World-wide,Group Call,91,Danny,Off,CTCSS/DCS,Off,1,1,1,Off,1,1,Lufkin A-Locals,None,Off,Off,Off,Off,Normal Encryption,Off,Off,Off,Off,251.1,1,Off,Off,Off,Off,Off,Off,1,0,Off,0,1,0,255,255
22,Worldwide BM,440,445,D-Digital,Turbo,12.5K,Off,Off,World-wide,Group Call,91,Danny,Different Color Code,Carrier,Off,1,1,1,Off,9,1,Lufkin DMR,None,Off,Off,Off,Off,Normal Encryption,Off,Off,Off,Off,251.1,1,Off,Off,Off,Off,Off,Off,1,0,Off,0,1,0,255,255
23,WW MARC,440,445,D-Digital,Turbo,12.5K,Off,Off,WWide MARC,Group Call,1,Danny,Different Color Code,Carrier,Off,1,1,1,Off,9,1,Lufkin DMR,None,Off,Off,Off,Off,Normal Encryption,Off,Off,Off,Off,251.1,1,Off,Off,Off,Off,Off,Off,1,0,Off,0,1,0,255,255
24,NA MARC,440,445,D-Digital,Turbo,12.5K,Off,Off,N America 3 MARC,Group Call,3,Danny,Different Color Code,Carrier,Off,1,1,1,Off,9,1,Lufkin DMR,None,Off,Off,Off,Off,Normal Encryption,Off,Off,Off,Off,251.1,1,Off,Off,Off,Off,Off,Off,1,0,Off,0,1,0,255,255
25,DMR Plus USA,440,445,D-Digital,Turbo,12.5K,Off,Off,DMRPlus USA,Group Call,133,Danny,Different Color Code,Carrier,Off,1,1,1,Off,9,1,Lufkin DMR,None,Off,Off,Off,Off,Normal Encryption,Off,Off,Off,Off,251.1,1,Off,Off,Off,Off,Off,Off,1,0,Off,0,1,0,255,255
26,TAC-310,440,445,D-Digital,Turbo,12.5K,Off,Off,TAC-310 USA DMRX,Group Call,310,Danny,Different Color Code,Carrier,Off,1,1,1,Off,9,1,Lufkin DMR,None,Off,Off,Off,Off,Normal Encryption,Off,Off,Off,Off,251.1,1,Off,Off,On,Off,On,Digital,1,0,Off,0,1,0,255,255
27,TAC-311,440,445,D-Digital,Turbo,12.5K,Off,Off,TAC-311 USA DMRX,Group Call,311,Danny,Different Color Code,Carrier,Off,1,1,1,Off,9,1,Lufkin DMR,None,Off,Off,Off,Off,Normal Encryption,Off,Off,Off,Off,251.1,1,Off,Off,Off,Off,Off,Off,1,0,Off,0,1,0,255,255
28,TAC-312,440,445,D-Digital,Turbo,12.5K,Off,Off,TAC-312 USA DMRX,Group Call,312,Danny,Different Color Code,Carrier,Off,1,1,1,Off,9,1,Lufkin DMR,None,Off,Off,Off,Off,Normal Encryption,Off,Off,Off,Off,251.1,1,Off,Off,Off,Off,Off,Off,1,0,Off,0,1,0,255,255
29,TAC-313,440,445,D-Digital,Turbo,12.5K,Off,Off,TAC 313 USA,Group Call,313,Danny,Different Color Code,Carrier,Off,1,1,1,Off,9,1,Lufkin DMR,None,Off,Off,Off,Off,Normal Encryption,Off,Off,Off,Off,251.1,1,Off,Off,Off,Off,Off,Off,1,0,Off,0,1,0,255,255
30,TAC-314,440,445,D-Digital,Turbo,12.5K,Off,Off,TAC 314 USA,Group Call,314,Danny,Different Color Code,Carrier,Off,1,1,1,Off,9,1,Lufkin DMR,None,Off,Off,Off,Off,Normal Encryption,Off,Off,Off,Off,251.1,1,Off,Off,Off,Off,Off,Off,1,0,Off,0,1,0,255,255
31,BM USA,440,445,D-Digital,Turbo,12.5K,Off,Off,USA - Nationwide,Group Call,3100,Danny,Different Color Code,Carrier,Off,1,1,1,Off,9,1,Lufkin DMR,None,Off,Off,Off,Off,Normal Encryption,Off,Off,Off,Off,251.1,1,Off,Off,Off,Off,Off,Off,1,0,Off,0,1,0,255,255
32,Ark Statewide,440,445,D-Digital,Turbo,12.5K,Off,Off,Arkansas,Group Call,3105,Danny,Different Color Code,Carrier,Off,1,1,1,Off,9,1,Lufkin DMR,None,Off,Off,Off,Off,Normal Encryption,Off,Off,Off,Off,251.1,1,Off,Off,Off,Off,Off,Off,1,0,Off,0,1,0,255,255
33,LA  Statewide,440,445,D-Digital,Turbo,12.5K,Off,Off,Louisiana,Group Call,3122,Danny,Different Color Code,Carrier,Off,1,1,1,Off,9,1,Lufkin DMR,None,Off,Off,Off,Off,Normal Encryption,Off,Off,Off,Off,251.1,1,Off,Off,Off,Off,Off,Off,1,0,Off,0,1,0,255,255
34,OK  Statewide,440,445,D-Digital,Turbo,12.5K,Off,Off,Oklahoma,Group Call,3140,Danny,Different Color Code,Carrier,Off,1,1,1,Off,9,1,Lufkin DMR,None,Off,Off,Off,Off,Normal Encryption,Off,Off,Off,Off,251.1,1,Off,Off,Off,Off,Off,Off,1,0,Off,0,1,0,255,255
35,TX  Statewide,440,445,D-Digital,Turbo,12.5K,Off,Off,Texas,Group Call,3148,Danny,Different Color Code,Carrier,Off,1,1,1,Off,9,1,Lufkin DMR,None,Off,Off,Off,Off,Normal Encryption,Off,Off,Off,Off,251.1,1,Off,Off,Off,Off,Off,Off,1,0,Off,0,1,0,255,255
36,Southern Plains,440,445,D-Digital,Turbo,12.5K,Off,Off,Southern Plains,Group Call,3175,Danny,Different Color Code,Carrier,Off,1,1,1,Off,9,1,Lufkin DMR,None,Off,Off,Off,Off,Normal Encryption,Off,Off,Off,Off,251.1,1,Off,Off,Off,Off,Off,Off,1,0,Off,0,1,0,255,255
37,BM TX Chat,440,445,D-Digital,Turbo,12.5K,Off,Off,TX Chat,Group Call,31480,Danny,Different Color Code,Carrier,Off,1,1,1,Off,9,1,Lufkin DMR,None,Off,Off,Off,Off,Normal Encryption,Off,Off,Off,Off,251.1,1,Off,Off,Off,Off,Off,Off,1,0,Off,0,1,0,255,255
38,BM North TX,440,445,D-Digital,Turbo,12.5K,Off,Off,North Texas,Group Call,31481,Danny,Different Color Code,Carrier,Off,1,1,1,Off,9,1,Lufkin DMR,None,Off,Off,Off,Off,Normal Encryption,Off,Off,Off,Off,251.1,1,Off,Off,Off,Off,Off,Off,1,0,Off,0,1,0,255,255
39,BM South TX,440,445,D-Digital,Turbo,12.5K,Off,Off,South Texas,Group Call,31482,Danny,Different Color Code,Carrier,Off,1,1,1,Off,9,1,Lufkin DMR,None,Off,Off,Off,Off,Normal Encryption,Off,Off,Off,Off,251.1,1,Off,Off,Off,Off,Off,Off,1,0,Off,0,1,0,255,255
40,BM West TX,440,445,D-Digital,Turbo,12.5K,Off,Off,West Texas,Group Call,31483,Danny,Different Color Code,Carrier,Off,1,1,1,Off,9,1,Lufkin DMR,None,Off,Off,Off,Off,Normal Encryption,Off,Off,Off,Off,251.1,1,Off,Off,Off,Off,Off,Off,1,0,Off,0,1,0,255,255
41,BM Southeast TX,440,445,D-Digital,Turbo,12.5K,Off,Off,SouthEast Texas,Group Call,31484,Danny,Different Color Code,Carrier,Off,1,1,1,Off,9,1,Lufkin DMR,None,Off,Off,Off,Off,Normal Encryption,Off,Off,Off,Off,251.1,1,Off,Off,Off,Off,Off,Off,1,0,Off,0,1,0,255,255
42,TX Nexus Fusion,440,445,D-Digital,Turbo,12.5K,Off,Off,Texas-Nexus,Group Call,31488,Danny,Different Color Code,Carrier,Off,1,1,1,Off,9,1,Lufkin DMR,None,Off,Off,Off,Off,Normal Encryption,Off,Off,Off,Off,251.1,1,Off,Off,Off,Off,Off,Off,1,0,Off,0,1,0,255,255
43,DMR Info,440,445,D-Digital,Turbo,12.5K,Off,Off,DMR INFO NETWORK,Group Call,31648,Danny,Different Color Code,Carrier,Off,1,1,1,Off,9,1,Lufkin DMR,None,Off,Off,Off,Off,Normal Encryption,Off,Off,Off,Off,251.1,1,Off,Off,Off,Off,Off,Off,1,0,Off,0,1,0,255,255
44,TX Wide,440,445,D-Digital,Turbo,12.5K,Off,Off,Texas,Group Call,3148,Danny,Different Color Code,Carrier,Off,1,1,1,Off,9,1,Lufkin DMR,None,Off,Off,Off,Off,Normal Encryption,Off,Off,Off,Off,251.1,1,Off,Off,Off,Off,Off,Off,1,0,Off,0,1,0,255,255
45,East TX Wide,440,445,D-Digital,Turbo,12.5K,Off,Off,East Texas Wide,Group Call,8206,Danny,Different Color Code,Carrier,Off,1,1,1,Off,9,2,Lufkin DMR,None,Off,Off,Off,Off,Normal Encryption,Off,Off,Off,Off,251.1,1,Off,Off,Off,Off,Off,Off,1,0,Off,0,1,0,255,255
46,Lufkin Local 9,440,445,D-Digital,Low,12.5K,Off,Off,Lufkin Local 9,Group Call,9,Danny,Different Color Code,Carrier,Off,1,1,1,Off,9,2,Lufkin DMR,None,Off,Off,Off,Off,Normal Encryption,Off,Off,Off,Off,251.1,1,Off,Off,On,Off,On,Digital,2,0,Off,0,1,0,255,255
47,HS PARROT 9990,433,433,D-Digital,Low,12.5K,Off,Off,Parrot,Private Call,9990,Danny,Always,Carrier,Off,1,1,1,Off,1,1,None,None,Off,Off,Off,Off,Normal Encryption,Off,Off,Off,Off,0,1,Off,Off,Off,Off,Off,Off,1,0,Off,0,1,0,255,255
48,HS PARROT 9991,433,433,D-Digital,Low,12.5K,Off,Off,Parrot,Private Call,9990,Danny,Always,Carrier,Off,1,1,1,Off,1,2,None,None,Off,Off,Off,Off,Normal Encryption,Off,Off,Off,Off,0,1,Off,Off,Off,Off,Off,Off,1,0,Off,0,1,0,255,255
49,Hou Cactus,441.875,446.875,D-Digital,High,12.5K,Off,Off,Southern Plains,Group Call,3175,Danny,Always,Carrier,Off,1,1,1,Off,2,2,None,None,Off,Off,Off,Off,Normal Encryption,Off,Off,Off,Off,0,1,Off,Off,Off,Off,Off,Off,1,0,Off,0,1,0,255,255
50,Hou Galleria L2,443.75,448.75,D-Digital,High,12.5K,Off,Off,LOCAL 2,Group Call,2,Danny,Always,Carrier,Off,1,1,1,Off,1,2,None,None,Off,Off,Off,Off,Normal Encryption,Off,Off,Off,Off,0,1,Off,Off,Off,Off,Off,Off,1,0,Off,0,1,0,255,255
51,Hou Galleria TX,443.75,448.75,D-Digital,High,12.5K,Off,Off,Texas,Group Call,3148,Danny,Always,Carrier,Off,1,1,1,Off,1,1,None,None,Off,Off,Off,Off,Normal Encryption,Off,Off,Off,Off,0,1,Off,Off,Off,Off,Off,Off,1,0,Off,0,1,0,255,255
52,Hou Metro,441.875,446.875,D-Digital,High,12.5K,Off,Off,Houston Metro,Group Call,8207,Danny,Always,Carrier,Off,1,1,1,Off,2,2,None,None,Off,Off,Off,Off,Normal Encryption,Off,Off,Off,Off,0,1,Off,Off,Off,Off,Off,Off,1,0,Off,0,1,0,255,255
53,Hou N.A.,441.875,446.875,D-Digital,High,12.5K,Off,Off,N America 3 MARC,Group Call,3,Danny,Always,Carrier,Off,1,1,1,Off,2,1,None,None,Off,Off,Off,Off,Normal Encryption,Off,Off,Off,Off,0,1,Off,Off,Off,Off,Off,Off,1,0,Off,0,1,0,255,255
54,Hou SE Tx EmComm,441.875,446.875,D-Digital,High,12.5K,Off,Off,SE Tx EmComm,Group Call,8686,Danny,Always,Carrier,Off,1,1,1,Off,2,2,None,None,Off,Off,Off,Off,Normal Encryption,Off,Off,Off,Off,0,1,Off,Off,Off,Off,Off,Off,1,0,Off,0,1,0,255,255
55,Hou TAC.310,441.875,446.875,D-Digital,High,12.5K,Off,Off,TAC-310 USA DMRX,Group Call,310,Danny,Always,Carrier,Off,1,1,1,Off,2,1,None,None,Off,Off,Off,Off,Normal Encryption,Off,Off,Off,Off,0,1,Off,Off,Off,Off,Off,Off,1,0,Off,0,1,0,255,255
56,Hou Tx State,441.875,446.875,D-Digital,High,12.5K,Off,Off,Texas,Group Call,3148,Danny,Always,Carrier,Off,1,1,1,Off,2,2,None,None,Off,Off,Off,Off,Normal Encryption,Off,Off,Off,Off,0,1,Off,Off,Off,Off,Off,Off,1,0,Off,0,1,0,255,255
57,Hou W.W.,441.875,446.875,D-Digital,High,12.5K,Off,Off,13 WW ENG,Group Call,13,Danny,Always,Carrier,Off,1,1,1,Off,2,1,None,None,Off,Off,Off,Off,Normal Encryption,Off,Off,Off,Off,0,1,Off,Off,Off,Off,Off,Off,1,0,Off,0,1,0,255,255
58,Hou2  Metro,441.775,446.775,D-Digital,High,12.5K,Off,Off,Houston Metro,Group Call,8207,Danny,Always,Carrier,Off,1,1,1,Off,7,2,None,None,Off,Off,Off,Off,Normal Encryption,Off,Off,Off,Off,0,1,Off,Off,Off,Off,Off,Off,1,0,Off,0,1,0,255,255
59,Hou2 Cactus,441.775,446.775,D-Digital,High,12.5K,Off,Off,Southern Plains,Group Call,3175,Danny,Always,Carrier,Off,1,1,1,Off,7,2,None,None,Off,Off,Off,Off,Normal Encryption,Off,Off,Off,Off,0,1,Off,Off,Off,Off,Off,Off,1,0,Off,0,1,0,255,255
60,Hou2 SeTx EmComm,441.775,446.775,D-Digital,High,12.5K,Off,Off,SE Tx EmComm,Group Call,8686,Danny,Always,Carrier,Off,1,1,1,Off,7,2,None,None,Off,Off,Off,Off,Normal Encryption,Off,Off,Off,Off,0,1,Off,Off,Off,Off,Off,Off,1,0,Off,0,1,0,255,255
61,Hou2 TAC.310,441.775,446.775,D-Digital,High,12.5K,Off,Off,TAC-310 USA DMRX,Group Call,310,Danny,Always,Carrier,Off,1,1,1,Off,7,1,None,None,Off,Off,Off,Off,Normal Encryption,Off,Off,Off,Off,0,1,Off,Off,Off,Off,Off,Off,1,0,Off,0,1,0,255,255
62,Hou2 TAC.311,441.775,446.775,D-Digital,High,12.5K,Off,Off,TAC-311 USA DMRX,Group Call,311,Danny,Always,Carrier,Off,1,1,1,Off,7,1,None,None,Off,Off,Off,Off,Normal Encryption,Off,Off,Off,Off,0,1,Off,Off,Off,Off,Off,Off,1,0,Off,0,1,0,255,255
63,Hou2 Tx State,441.775,446.775,D-Digital,High,12.5K,Off,Off,Texas,Group Call,3148,Danny,Always,Carrier,Off,1,1,1,Off,7,2,None,None,Off,Off,Off,Off,Normal Encryption,Off,Off,Off,Off,0,1,Off,Off,Off,Off,Off,Off,1,0,Off,0,1,0,255,255
64,Hou2 W.W.,441.775,446.775,D-Digital,High,12.5K,Off,Off,13 WW ENG,Group Call,13,Danny,Always,Carrier,Off,1,1,1,Off,7,1,None,None,Off,Off,Off,Off,Normal Encryption,Off,Off,Off,Off,0,1,Off,Off,Off,Off,Off,Off,1,0,Off,0,1,0,255,255
65,Houston AMSAT,145.31,144.71,A-Analog,High,25K,Off,167.9,World-wide,Group Call,91,Danny,Off,Carrier,Off,1,1,1,Off,0,1,None,None,Off,Off,On,Off,Normal Encryption,Off,Off,Off,Off,0,1,Off,Off,Off,Off,Off,Off,1,0,Off,0,1,0,255,255
66,Houston Red Cros,147.08,146.48,A-Analog,High,25K,Off,Off,World-wide,Group Call,91,Danny,Off,Carrier,Off,1,1,1,Off,0,1,None,None,Off,Off,On,Off,Normal Encryption,Off,Off,Off,Off,0,1,Off,Off,Off,Off,Off,Off,1,0,Off,0,1,0,255,255
67,Hurricane Net,433,433,D-Digital,Low,12.5K,Off,Off,Hurricane Net,Group Call,3199,Danny,Always,Carrier,Off,1,1,1,Off,1,2,None,None,Off,Off,Off,Off,Normal Encryption,Off,Off,Off,Off,0,1,Off,Off,Off,Off,Off,Off,1,0,Off,0,1,0,255,255
68,Klein CACTUS,440.3,445.3,D-Digital,High,12.5K,Off,Off,Southern Plains,Group Call,3175,Danny,Always,Carrier,Off,1,1,1,Off,3,1,None,None,Off,Off,Off,Off,Normal Encryption,Off,Off,Off,Off,0,1,Off,Off,Off,Off,Off,Off,1,0,Off,0,1,0,255,255
69,Klein Hou Metro,440.3,445.3,D-Digital,High,12.5K,Off,Off,Houston Metro,Group Call,8207,Danny,Always,Carrier,Off,1,1,1,Off,3,2,None,None,Off,Off,Off,Off,Normal Encryption,Off,Off,Off,Off,0,1,Off,Off,Off,Off,Off,Off,1,0,Off,0,1,0,255,255
70,Klein Houston,440.3,445.3,D-Digital,High,12.5K,Off,Off,World-wide,Group Call,91,Danny,Always,Carrier,Off,1,1,1,Off,3,2,None,None,Off,Off,Off,Off,Normal Encryption,Off,Off,Off,Off,0,1,Off,Off,Off,Off,Off,Off,1,0,Off,0,1,0,255,255
71,Klein Local 2,440.3,445.3,D-Digital,High,12.5K,Off,Off,LOCAL 2,Group Call,2,Danny,Always,Carrier,Off,1,1,1,Off,3,1,None,None,Off,Off,Off,Off,Normal Encryption,Off,Off,Off,Off,0,1,Off,Off,Off,Off,Off,Off,1,0,Off,0,1,0,255,255
72,Klein NARS,440.3,445.3,D-Digital,High,12.5K,Off,Off,NARS Club,Private Call,3146211,Danny,Always,Carrier,Off,1,1,1,Off,3,1,None,None,Off,Off,Off,Off,Normal Encryption,Off,Off,Off,Off,0,1,Off,Off,Off,Off,Off,Off,1,0,Off,0,1,0,255,255
73,Klein NARS TG,440.3,445.3,D-Digital,High,12.5K,Off,Off,World-wide,Group Call,91,Danny,Always,Carrier,Off,1,1,1,Off,3,1,None,None,Off,Off,Off,Off,Normal Encryption,Off,Off,Off,Off,0,1,Off,Off,Off,Off,Off,Off,1,0,Off,0,1,0,255,255
74,Klein SETECG,440.3,445.3,D-Digital,High,12.5K,Off,Off,World-wide,Group Call,91,Danny,Always,Carrier,Off,1,1,1,Off,3,2,None,None,Off,Off,Off,Off,Normal Encryption,Off,Off,Off,Off,0,1,Off,Off,Off,Off,Off,Off,1,0,Off,0,1,0,255,255
75,Klein Se Tx Emco,440.3,445.3,D-Digital,High,12.5K,Off,Off,SE Tx EmComm,Group Call,8686,Danny,Always,Carrier,Off,1,1,1,Off,3,2,None,None,Off,Off,Off,Off,Normal Encryption,Off,Off,Off,Off,0,1,Off,Off,Off,Off,Off,Off,1,0,Off,0,1,0,255,255
76,Klein TX State,440.3,445.3,D-Digital,High,12.5K,Off,Off,Texas,Group Call,3148,Danny,Always,Carrier,Off,1,1,1,Off,3,2,None,None,Off,Off,Off,Off,Normal Encryption,Off,Off,Off,Off,0,1,Off,Off,Off,Off,Off,Off,1,0,Off,0,1,0,255,255
77,Klein Texas Stat,440.3,445.3,D-Digital,High,12.5K,Off,Off,Texas,Group Call,3148,Danny,Always,Carrier,Off,1,1,1,Off,3,2,None,None,Off,Off,Off,Off,Normal Encryption,Off,Off,Off,Off,0,1,Off,Off,Off,Off,Off,Off,1,0,Off,0,1,0,255,255
78,LOUISIANA1,433,433,D-Digital,Low,12.5K,Off,Off,Louisiana,Group Call,3122,Danny,Always,Carrier,Off,1,1,1,Off,1,2,None,None,Off,Off,Off,Off,Normal Encryption,Off,Off,Off,Off,0,1,Off,Off,Off,Off,Off,Off,1,0,Off,0,1,0,255,255
79,Magnolia REPT,440.7125,445.7125,D-Digital,Turbo,12.5K,Off,Off,TAC-310 USA DMRX,Group Call,310,Danny,Always,Carrier,Off,1,1,1,Off,7,1,None,None,Off,Off,Off,Off,Normal Encryption,Off,Off,Off,Off,131.8,1,Off,Off,Off,Off,Off,Off,1,0,Off,0,1,0,255,255
80,Magnolia TX 3148,440.7125,445.7125,D-Digital,Turbo,12.5K,Off,Off,Texas,Group Call,3148,Danny,Always,Carrier,Off,1,1,1,Off,7,2,None,None,Off,Off,Off,Off,Normal Encryption,Off,Off,Off,Off,131.8,1,Off,Off,Off,Off,Off,Off,1,0,Off,0,1,0,255,255
81,NWS 1,162.425,136,A-Analog,Low,25K,Off,Off,World-wide,Group Call,91,Danny,Off,Carrier,Off,1,1,1,Off,0,1,None,None,Off,Off,On,Off,Normal Encryption,Off,Off,Off,Off,0,1,Off,Off,Off,Off,Off,Off,1,0,Off,0,0,0,255,255
82,NWS 2,162.45,162.45,A-Analog,Low,25K,Off,Off,World-wide,Group Call,91,Danny,Off,Carrier,Off,1,1,1,Off,0,1,None,None,Off,Off,On,Off,Normal Encryption,Off,Off,Off,Off,0,1,Off,Off,Off,Off,Off,Off,1,0,Off,0,0,0,255,255
83,NWS 3,162.475,136,A-Analog,Low,25K,Off,Off,World-wide,Group Call,91,Danny,Off,Carrier,Off,1,1,1,Off,0,1,None,None,Off,Off,On,Off,Normal Encryption,Off,Off,Off,Off,0,1,Off,Off,Off,Off,Off,Off,1,0,Off,0,0,0,255,255
84,NWS 4,162.5,136,A-Analog,Low,25K,Off,Off,World-wide,Group Call,91,Danny,Off,Carrier,Off,1,1,1,Off,0,1,None,None,Off,Off,On,Off,Normal Encryption,Off,Off,Off,Off,0,1,Off,Off,Off,Off,Off,Off,1,0,Off,0,0,0,255,255
85,NWS 5,162.525,136,A-Analog,Low,25K,Off,Off,World-wide,Group Call,91,Danny,Off,Carrier,Off,1,1,1,Off,0,1,None,None,Off,Off,On,Off,Normal Encryption,Off,Off,Off,Off,0,1,Off,Off,Off,Off,Off,Off,1,0,Off,0,0,0,255,255
86,NWS 6,162.55,136,A-Analog,Low,25K,Off,Off,World-wide,Group Call,91,Danny,Off,Carrier,Off,1,1,1,Off,0,1,None,None,Off,Off,On,Off,Normal Encryption,Off,Off,Off,Off,0,1,Off,Off,Off,Off,Off,Off,1,0,Off,0,0,0,255,255
87,NWS 8,162.4,136,A-Analog,Low,25K,Off,Off,World-wide,Group Call,91,Danny,Off,Carrier,Off,1,1,1,Off,0,1,None,None,Off,Off,On,Off,Normal Encryption,Off,Off,Off,Off,0,1,Off,Off,Off,Off,Off,Off,1,0,Off,0,1,0,255,255
88,NWS 8 MAR83B1,161.775,161.775,A-Analog,Low,25K,Off,Off,World-wide,Group Call,91,Danny,Off,Carrier,Off,1,1,1,Off,0,1,None,None,Off,Off,On,Off,Normal Encryption,Off,Off,Off,Off,0,1,Off,Off,Off,Off,Off,Off,1,0,Off,0,1,0,255,255
89,NWS 8 Mar21B1,161.65,161.65,A-Analog,Low,25K,Off,Off,World-wide,Group Call,91,Danny,Off,Carrier,Off,1,1,1,Off,0,1,None,None,Off,Off,On,Off,Normal Encryption,Off,Off,Off,Off,0,1,Off,Off,Off,Off,Off,Off,1,0,Off,0,0,0,255,255
90,Spring Cactus,444.75,449.75,D-Digital,High,12.5K,Off,Off,Southern Plains,Group Call,3175,Danny,Always,Carrier,Off,1,1,1,Off,3,2,None,None,Off,Off,Off,Off,Normal Encryption,Off,Off,Off,Off,0,1,Off,Off,Off,Off,Off,Off,1,0,Off,0,1,0,255,255
91,Spring HOU Met,444.75,449.75,D-Digital,High,12.5K,Off,Off,Houston Metro,Group Call,8207,Danny,Always,Carrier,Off,1,1,1,Off,3,2,None,None,Off,Off,Off,Off,Normal Encryption,Off,Off,Off,Off,0,1,Off,Off,Off,Off,Off,Off,1,0,Off,0,1,0,255,255
92,Spring K5JLK,442.8,447.8,A-Analog,High,25K,146.2,146.2,World-wide,Group Call,91,Danny,Off,CTCSS/DCS,Off,1,1,1,Off,0,1,None,None,Off,Off,On,Off,Normal Encryption,Off,Off,Off,Off,0,1,Off,Off,Off,Off,Off,Off,1,0,Off,0,1,0,255,255
93,Spring Saltgrass,442.7,447.7,A-Analog,High,25K,103.5,103.5,World-wide,Group Call,91,Danny,Off,CTCSS/DCS,Off,1,1,1,Off,0,1,None,None,Off,Off,On,Off,Normal Encryption,Off,Off,Off,Off,0,1,Off,Off,Off,Off,Off,Off,1,0,Off,0,0,0,255,255
94,Spring TX EmComm,444.75,449.75,D-Digital,High,12.5K,Off,Off,SE Tx EmComm,Group Call,8686,Danny,Always,Carrier,Off,1,1,1,Off,3,2,None,None,Off,Off,Off,Off,Normal Encryption,Off,Off,Off,Off,0,1,Off,Off,Off,Off,Off,Off,1,0,Off,0,1,0,255,255
95,Spring Tx State,444.75,449.75,D-Digital,High,12.5K,Off,Off,Texas,Group Call,3148,Danny,Always,Carrier,Off,1,1,1,Off,3,2,None,None,Off,Off,Off,Off,Normal Encryption,Off,Off,Off,Off,0,1,Off,Off,Off,Off,Off,Off,1,0,Off,0,1,0,255,255
96,Spring V,146.68,146.08,A-Analog,High,25K,146.2,146.2,World-wide,Group Call,91,Danny,Off,CTCSS/DCS,Off,1,1,1,Off,0,1,None,None,Off,Off,On,Off,Normal Encryption,Off,Off,Off,Off,0,1,Off,Off,Off,Off,Off,Off,1,0,Off,0,1,0,255,255
97,Channel VFO A,146.52,146.52,A-Analog,Low,25K,Off,Off,World-wide,Group Call,91,Danny,Off,Carrier,Off,1,1,1,Off,7,1,None,None,Off,Off,Off,Off,Normal Encryption,Off,Off,Off,Off,131.8,1,Off,Off,Off,Off,Off,Off,1,0,Off,0,1,0,255,255
98,Channel VFO B,145.125,145.125,D-Digital,Turbo,25K,Off,Off,World-wide,Group Call,91,Danny,Always,Carrier,Off,1,1,1,Off,1,1,None,None,Off,Off,Off,Off,Normal Encryption,Off,Off,Off,Off,131.8,1,Off,Off,Off,Off,Off,Off,1,0,Off,0,1,0,255,255
99,** SEA-1001,156.05,156.05,A-Analog,High,25K,Off,Off,World-wide,Group Call,91,Danny,Off,Carrier,Off,1,1,1,Off,7,1,Marine,None,Off,Off,Off,Off,Normal Encryption,Off,Off,Off,Off,131.8,1,Off,Off,Off,Off,Off,Off,1,0,Off,0,1,0,255,255
100,** SEA-1005,156.25,156.25,A-Analog,High,25K,Off,Off,World-wide,Group Call,91,Danny,Off,Carrier,Off,1,1,1,Off,7,1,Marine,None,Off,Off,Off,Off,Normal Encryption,Off,Off,Off,Off,131.8,1,Off,Off,Off,Off,Off,Off,1,0,Off,0,1,0,255,255
101,** SEA-6,156.3,156.3,A-Analog,High,25K,Off,Off,World-wide,Group Call,91,Danny,Off,Carrier,Off,1,1,1,Off,7,1,Marine,None,Off,Off,Off,Off,Normal Encryption,Off,Off,Off,Off,131.8,1,Off,Off,Off,Off,Off,Off,1,0,Off,0,1,0,255,255
102,** SEA-1007,156.35,156.35,A-Analog,High,25K,Off,Off,World-wide,Group Call,91,Danny,Off,Carrier,Off,1,1,1,Off,7,1,Marine,None,Off,Off,Off,Off,Normal Encryption,Off,Off,Off,Off,131.8,1,Off,Off,Off,Off,Off,Off,1,0,Off,0,1,0,255,255
103,** SEA-8,156.4,156.4,A-Analog,High,25K,Off,Off,World-wide,Group Call,91,Danny,Off,Carrier,Off,1,1,1,Off,7,1,Marine,None,Off,Off,Off,Off,Normal Encryption,Off,Off,Off,Off,131.8,1,Off,Off,Off,Off,Off,Off,1,0,Off,0,1,0,255,255
104,** SEA-9,156.45,156.45,A-Analog,High,25K,Off,Off,World-wide,Group Call,91,Danny,Off,Carrier,Off,1,1,1,Off,7,1,Marine,None,Off,Off,Off,Off,Normal Encryption,Off,Off,Off,Off,131.8,1,Off,Off,Off,Off,Off,Off,1,0,Off,0,1,0,255,255
105,** SEA-10,156.5,156.5,A-Analog,High,25K,Off,Off,World-wide,Group Call,91,Danny,Off,Carrier,Off,1,1,1,Off,7,1,Marine,None,Off,Off,Off,Off,Normal Encryption,Off,Off,Off,Off,131.8,1,Off,Off,Off,Off,Off,Off,1,0,Off,0,1,0,255,255
106,** SEA-11,156.55,156.55,A-Analog,High,25K,Off,Off,World-wide,Group Call,91,Danny,Off,Carrier,Off,1,1,1,Off,7,1,Marine,None,Off,Off,Off,Off,Normal Encryption,Off,Off,Off,Off,131.8,1,Off,Off,Off,Off,Off,Off,1,0,Off,0,1,0,255,255
107,** SEA-12,156.6,156.6,A-Analog,High,25K,Off,Off,World-wide,Group Call,91,Danny,Off,Carrier,Off,1,1,1,Off,7,1,Marine,None,Off,Off,Off,Off,Normal Encryption,Off,Off,Off,Off,131.8,1,Off,Off,Off,Off,Off,Off,1,0,Off,0,1,0,255,255
108,** SEA-13,156.65,156.65,A-Analog,High,25K,Off,Off,World-wide,Group Call,91,Danny,Off,Carrier,Off,1,1,1,Off,7,1,Marine,None,Off,Off,Off,Off,Normal Encryption,Off,Off,Off,Off,131.8,1,Off,Off,Off,Off,Off,Off,1,0,Off,0,1,0,255,255
109,** SEA-14,156.7,156.7,A-Analog,High,25K,Off,Off,World-wide,Group Call,91,Danny,Off,Carrier,Off,1,1,1,Off,7,1,Marine,None,Off,Off,Off,Off,Normal Encryption,Off,Off,Off,Off,131.8,1,Off,Off,Off,Off,Off,Off,1,0,Off,0,1,0,255,255
110,** SEA-15,156.75,156.75,A-Analog,High,25K,Off,Off,World-wide,Group Call,91,Danny,Off,Carrier,Off,1,1,1,Off,7,1,Marine,None,Off,Off,Off,Off,Normal Encryption,Off,Off,Off,Off,131.8,1,Off,Off,Off,Off,Off,Off,1,0,Off,0,1,0,255,255
111,** SEA-16,156.8,156.8,A-Analog,High,25K,Off,Off,World-wide,Group Call,91,Danny,Off,Carrier,Off,1,1,1,Off,7,1,Marine,None,Off,Off,Off,Off,Normal Encryption,Off,Off,Off,Off,131.8,1,Off,Off,Off,Off,Off,Off,1,0,Off,0,1,0,255,255
112,** SEA-17,156.85,156.85,A-Analog,High,25K,Off,Off,World-wide,Group Call,91,Danny,Off,Carrier,Off,1,1,1,Off,7,1,Marine,None,Off,Off,Off,Off,Normal Encryption,Off,Off,Off,Off,131.8,1,Off,Off,Off,Off,Off,Off,1,0,Off,0,1,0,255,255
113,** SEA-1018,156.9,156.9,A-Analog,High,25K,Off,Off,World-wide,Group Call,91,Danny,Off,Carrier,Off,1,1,1,Off,7,1,Marine,None,Off,Off,Off,Off,Normal Encryption,Off,Off,Off,Off,131.8,1,Off,Off,Off,Off,Off,Off,1,0,Off,0,1,0,255,255
114,** SEA-1019,156.95,156.95,A-Analog,High,25K,Off,Off,World-wide,Group Call,91,Danny,Off,Carrier,Off,1,1,1,Off,7,1,Marine,None,Off,Off,Off,Off,Normal Encryption,Off,Off,Off,Off,131.8,1,Off,Off,Off,Off,Off,Off,1,0,Off,0,1,0,255,255
115,** SEA-20,161.6,157,A-Analog,High,25K,Off,Off,World-wide,Group Call,91,Danny,Off,Carrier,Off,1,1,1,Off,7,1,Marine,None,Off,Off,Off,Off,Normal Encryption,Off,Off,Off,Off,131.8,1,Off,Off,Off,Off,Off,Off,1,0,Off,0,1,0,255,255
116,** SEA-1020,157,157,A-Analog,High,25K,Off,Off,World-wide,Group Call,91,Danny,Off,Carrier,Off,1,1,1,Off,7,1,Marine,None,Off,Off,Off,Off,Normal Encryption,Off,Off,Off,Off,131.8,1,Off,Off,Off,Off,Off,Off,1,0,Off,0,1,0,255,255
117,** SEA-1021,157.05,157.05,A-Analog,High,25K,Off,Off,World-wide,Group Call,91,Danny,Off,Carrier,Off,1,1,1,Off,7,1,Marine,None,Off,Off,Off,Off,Normal Encryption,Off,Off,Off,Off,131.8,1,Off,Off,Off,Off,Off,Off,1,0,Off,0,1,0,255,255
118,** SEA-1022,157.1,157.1,A-Analog,High,25K,Off,Off,World-wide,Group Call,91,Danny,Off,Carrier,Off,1,1,1,Off,7,1,Marine,None,Off,Off,Off,Off,Normal Encryption,Off,Off,Off,Off,131.8,1,Off,Off,Off,Off,Off,Off,1,0,Off,0,1,0,255,255
119,** SEA-1023,157.15,157.15,A-Analog,High,25K,Off,Off,World-wide,Group Call,91,Danny,Off,Carrier,Off,1,1,1,Off,7,1,Marine,None,Off,Off,Off,Off,Normal Encryption,Off,Off,Off,Off,131.8,1,Off,Off,Off,Off,Off,Off,1,0,Off,0,1,0,255,255
120,** SEA-24,161.8,157.2,A-Analog,High,25K,Off,Off,World-wide,Group Call,91,Danny,Off,Carrier,Off,1,1,1,Off,7,1,Marine,None,Off,Off,Off,Off,Normal Encryption,Off,Off,Off,Off,131.8,1,Off,Off,Off,Off,Off,Off,1,0,Off,0,1,0,255,255
121,** SEA-25,161.85,157.25,A-Analog,High,25K,Off,Off,World-wide,Group Call,91,Danny,Off,Carrier,Off,1,1,1,Off,7,1,Marine,None,Off,Off,Off,Off,Normal Encryption,Off,Off,Off,Off,131.8,1,Off,Off,Off,Off,Off,Off,1,0,Off,0,1,0,255,255
122,** SEA-26,161.9,157.3,A-Analog,High,25K,Off,Off,World-wide,Group Call,91,Danny,Off,Carrier,Off,1,1,1,Off,7,1,Marine,None,Off,Off,Off,Off,Normal Encryption,Off,Off,Off,Off,131.8,1,Off,Off,Off,Off,Off,Off,1,0,Off,0,1,0,255,255
123,** SEA-27,161.95,157.35,A-Analog,High,25K,Off,Off,World-wide,Group Call,91,Danny,Off,Carrier,Off,1,1,1,Off,7,1,Marine,None,Off,Off,Off,Off,Normal Encryption,Off,Off,Off,Off,131.8,1,Off,Off,Off,Off,Off,Off,1,0,Off,0,1,0,255,255
124,** SEA-28,162,157.4,A-Analog,High,25K,Off,Off,World-wide,Group Call,91,Danny,Off,Carrier,Off,1,1,1,Off,7,1,Marine,None,Off,Off,Off,Off,Normal Encryption,Off,Off,Off,Off,131.8,1,Off,Off,Off,Off,Off,Off,1,0,Off,0,1,0,255,255
125,** SEA-1063,156.175,156.175,A-Analog,High,25K,Off,Off,World-wide,Group Call,91,Danny,Off,Carrier,Off,1,1,1,Off,7,1,Marine,None,Off,Off,Off,Off,Normal Encryption,Off,Off,Off,Off,131.8,1,Off,Off,Off,Off,Off,Off,1,0,Off,0,1,0,255,255
126,** SEA-1065,156.275,156.275,A-Analog,High,25K,Off,Off,World-wide,Group Call,91,Danny,Off,Carrier,Off,1,1,1,Off,7,1,Marine,None,Off,Off,Off,Off,Normal Encryption,Off,Off,Off,Off,131.8,1,Off,Off,Off,Off,Off,Off,1,0,Off,0,1,0,255,255
127,** SEA-1066,156.325,156.325,A-Analog,High,25K,Off,Off,World-wide,Group Call,91,Danny,Off,Carrier,Off,1,1,1,Off,7,1,Marine,None,Off,Off,Off,Off,Normal Encryption,Off,Off,Off,Off,131.8,1,Off,Off,Off,Off,Off,Off,1,0,Off,0,1,0,255,255
128,** SEA-67,156.375,156.375,A-Analog,High,25K,Off,Off,World-wide,Group Call,91,Danny,Off,Carrier,Off,1,1,1,Off,7,1,Marine,None,Off,Off,Off,Off,Normal Encryption,Off,Off,Off,Off,131.8,1,Off,Off,Off,Off,Off,Off,1,0,Off,0,1,0,255,255
129,** SEA-68,156.425,156.425,A-Analog,High,25K,Off,Off,World-wide,Group Call,91,Danny,Off,Carrier,Off,1,1,1,Off,7,1,Marine,None,Off,Off,Off,Off,Normal Encryption,Off,Off,Off,Off,131.8,1,Off,Off,Off,Off,Off,Off,1,0,Off,0,1,0,255,255
130,** SEA-69,156.475,156.475,A-Analog,High,25K,Off,Off,World-wide,Group Call,91,Danny,Off,Carrier,Off,1,1,1,Off,7,1,Marine,None,Off,Off,Off,Off,Normal Encryption,Off,Off,Off,Off,131.8,1,Off,Off,Off,Off,Off,Off,1,0,Off,0,1,0,255,255
131,** SEA-70,156.525,156.525,A-Analog,High,25K,Off,Off,World-wide,Group Call,91,Danny,Off,Carrier,Off,1,1,1,Off,7,1,Marine,None,Off,Off,Off,Off,Normal Encryption,Off,Off,Off,Off,131.8,1,Off,Off,Off,Off,Off,Off,1,0,Off,0,1,0,255,255
132,** SEA-71,156.575,156.575,A-Analog,High,25K,Off,Off,World-wide,Group Call,91,Danny,Off,Carrier,Off,1,1,1,Off,7,1,Marine,None,Off,Off,Off,Off,Normal Encryption,Off,Off,Off,Off,131.8,1,Off,Off,Off,Off,Off,Off,1,0,Off,0,1,0,255,255
133,** SEA-72,156.625,156.625,A-Analog,High,25K,Off,Off,World-wide,Group Call,91,Danny,Off,Carrier,Off,1,1,1,Off,7,1,Marine,None,Off,Off,Off,Off,Normal Encryption,Off,Off,Off,Off,131.8,1,Off,Off,Off,Off,Off,Off,1,0,Off,0,1,0,255,255
134,** SEA-73,156.675,156.675,A-Analog,High,25K,Off,Off,World-wide,Group Call,91,Danny,Off,Carrier,Off,1,1,1,Off,7,1,Marine,None,Off,Off,Off,Off,Normal Encryption,Off,Off,Off,Off,131.8,1,Off,Off,Off,Off,Off,Off,1,0,Off,0,1,0,255,255
135,** SEA-74,156.725,156.725,A-Analog,High,25K,Off,Off,World-wide,Group Call,91,Danny,Off,Carrier,Off,1,1,1,Off,7,1,Marine,None,Off,Off,Off,Off,Normal Encryption,Off,Off,Off,Off,131.8,1,Off,Off,Off,Off,Off,Off,1,0,Off,0,1,0,255,255
136,** SEA-77,156.875,156.875,A-Analog,High,25K,Off,Off,World-wide,Group Call,91,Danny,Off,Carrier,Off,1,1,1,Off,7,1,Marine,None,Off,Off,Off,Off,Normal Encryption,Off,Off,Off,Off,131.8,1,Off,Off,Off,Off,Off,Off,1,0,Off,0,1,0,255,255
137,** SEA-1078,156.925,156.925,A-Analog,High,25K,Off,Off,World-wide,Group Call,91,Danny,Off,Carrier,Off,1,1,1,Off,7,1,Marine,None,Off,Off,Off,Off,Normal Encryption,Off,Off,Off,Off,131.8,1,Off,Off,Off,Off,Off,Off,1,0,Off,0,1,0,255,255
138,** SEA-1079,156.975,156.975,A-Analog,High,25K,Off,Off,World-wide,Group Call,91,Danny,Off,Carrier,Off,1,1,1,Off,7,1,Marine,None,Off,Off,Off,Off,Normal Encryption,Off,Off,Off,Off,131.8,1,Off,Off,Off,Off,Off,Off,1,0,Off,0,1,0,255,255
139,** SEA-1080,157.025,157.025,A-Analog,High,25K,Off,Off,World-wide,Group Call,91,Danny,Off,Carrier,Off,1,1,1,Off,7,1,Marine,None,Off,Off,Off,Off,Normal Encryption,Off,Off,Off,Off,131.8,1,Off,Off,Off,Off,Off,Off,1,0,Off,0,1,0,255,255
140,** SEA-1081,157.075,157.075,A-Analog,High,25K,Off,Off,World-wide,Group Call,91,Danny,Off,Carrier,Off,1,1,1,Off,7,1,Marine,None,Off,Off,Off,Off,Normal Encryption,Off,Off,Off,Off,131.8,1,Off,Off,Off,Off,Off,Off,1,0,Off,0,1,0,255,255
141,** SEA-1082,157.125,157.125,A-Analog,High,25K,Off,Off,World-wide,Group Call,91,Danny,Off,Carrier,Off,1,1,1,Off,7,1,Marine,None,Off,Off,Off,Off,Normal Encryption,Off,Off,Off,Off,131.8,1,Off,Off,Off,Off,Off,Off,1,0,Off,0,1,0,255,255
142,** SEA-1083,157.175,157.175,A-Analog,High,25K,Off,Off,World-wide,Group Call,91,Danny,Off,Carrier,Off,1,1,1,Off,7,1,Marine,None,Off,Off,Off,Off,Normal Encryption,Off,Off,Off,Off,131.8,1,Off,Off,Off,Off,Off,Off,1,0,Off,0,1,0,255,255
143,** SEA-84,161.825,157.225,A-Analog,High,25K,Off,Off,World-wide,Group Call,91,Danny,Off,Carrier,Off,1,1,1,Off,7,1,Marine,None,Off,Off,Off,Off,Normal Encryption,Off,Off,Off,Off,131.8,1,Off,Off,Off,Off,Off,Off,1,0,Off,0,1,0,255,255
144,** SEA-85,161.875,157.275,A-Analog,High,25K,Off,Off,World-wide,Group Call,91,Danny,Off,Carrier,Off,1,1,1,Off,7,1,Marine,None,Off,Off,Off,Off,Normal Encryption,Off,Off,Off,Off,131.8,1,Off,Off,Off,Off,Off,Off,1,0,Off,0,1,0,255,255
145,** SEA-86,161.925,157.325,A-Analog,High,25K,Off,Off,World-wide,Group Call,91,Danny,Off,Carrier,Off,1,1,1,Off,7,1,Marine,None,Off,Off,Off,Off,Normal Encryption,Off,Off,Off,Off,131.8,1,Off,Off,Off,Off,Off,Off,1,0,Off,0,1,0,255,255
146,** SEA-87,157.375,157.375,A-Analog,High,25K,Off,Off,World-wide,Group Call,91,Danny,Off,Carrier,Off,1,1,1,Off,7,1,Marine,None,Off,Off,Off,Off,Normal Encryption,Off,Off,Off,Off,131.8,1,Off,Off,Off,Off,Off,Off,1,0,Off,0,1,0,255,255
147,** SEA-88,157.425,157.425,A-Analog,High,25K,Off,Off,World-wide,Group Call,91,Danny,Off,Carrier,Off,1,1,1,Off,7,1,Marine,None,Off,Off,Off,Off,Normal Encryption,Off,Off,Off,Off,131.8,1,Off,Off,Off,Off,Off,Off,1,0,Off,0,1,0,255,255
148,** SEA-AIS 1,161.975,161.975,A-Analog,High,25K,Off,Off,World-wide,Group Call,91,Danny,Off,Carrier,Off,1,1,1,Off,7,1,None,None,Off,Off,Off,Off,Normal Encryption,Off,Off,Off,Off,131.8,1,Off,Off,Off,Off,Off,Off,1,0,Off,0,1,0,255,255
149,** SEA-AIS 2,162.025,162.025,A-Analog,High,25K,Off,Off,World-wide,Group Call,91,Danny,Off,Carrier,Off,1,1,1,Off,7,1,None,None,Off,Off,Off,Off,Normal Encryption,Off,Off,Off,Off,131.8,1,Off,Off,Off,Off,Off,Off,1,0,Off,0,1,0,255,255
150,FRS/GMRS 1,462.5625,462.5625,A-Analog,Low,25K,Off,Off,World-wide,Group Call,91,Danny,Off,Carrier,Off,1,1,1,Off,0,1,None,None,Off,Off,On,Off,Normal Encryption,Off,Off,Off,Off,0,1,Off,Off,Off,Off,Off,Off,1,0,Off,0,0,0,255,255
151,FRS/GMRS 2,462.5875,462.5875,A-Analog,Low,25K,Off,Off,World-wide,Group Call,91,Danny,Off,Carrier,Off,1,1,1,Off,0,1,None,None,Off,Off,On,Off,Normal Encryption,Off,Off,Off,Off,0,1,Off,Off,Off,Off,Off,Off,1,0,Off,0,0,0,255,255
152,FRS/GMRS 3,462.6125,462.6125,A-Analog,Low,25K,Off,Off,World-wide,Group Call,91,Danny,Off,Carrier,Off,1,1,1,Off,0,1,None,None,Off,Off,On,Off,Normal Encryption,Off,Off,Off,Off,0,1,Off,Off,Off,Off,Off,Off,1,0,Off,0,0,0,255,255
153,FRS/GMRS 4,462.6375,462.6375,A-Analog,Low,25K,Off,Off,World-wide,Group Call,91,Danny,Off,Carrier,Off,1,1,1,Off,0,1,None,None,Off,Off,On,Off,Normal Encryption,Off,Off,Off,Off,0,1,Off,Off,Off,Off,Off,Off,1,0,Off,0,0,0,255,255
154,FRS/GMRS 5,462.6625,462.6625,A-Analog,Low,25K,Off,Off,World-wide,Group Call,91,Danny,Off,Carrier,Off,1,1,1,Off,0,1,None,None,Off,Off,On,Off,Normal Encryption,Off,Off,Off,Off,0,1,Off,Off,Off,Off,Off,Off,1,0,Off,0,0,0,255,255
155,FRS/GMRS 6,462.6875,462.6875,A-Analog,Low,25K,Off,Off,World-wide,Group Call,91,Danny,Off,Carrier,Off,1,1,1,Off,0,1,None,None,Off,Off,On,Off,Normal Encryption,Off,Off,Off,Off,0,1,Off,Off,Off,Off,Off,Off,1,0,Off,0,0,0,255,255
156,FRS/GMRS 7,462.7125,462.7125,A-Analog,Low,25K,Off,Off,World-wide,Group Call,91,Danny,Off,Carrier,Off,1,1,1,Off,0,1,None,None,Off,Off,On,Off,Normal Encryption,Off,Off,Off,Off,0,1,Off,Off,Off,Off,Off,Off,1,0,Off,0,0,0,255,255
157,FRS/GMRS 8,467.5625,467.5625,A-Analog,Low,25K,Off,Off,World-wide,Group Call,91,Danny,Off,Carrier,Off,1,1,1,Off,0,1,None,None,Off,Off,On,Off,Normal Encryption,Off,Off,Off,Off,0,1,Off,Off,Off,Off,Off,Off,1,0,Off,0,0,0,255,255
158,FRS/GMRS 9,467.4875,467.4875,A-Analog,Low,25K,Off,Off,World-wide,Group Call,91,Danny,Off,Carrier,Off,1,1,1,Off,0,1,None,None,Off,Off,On,Off,Normal Encryption,Off,Off,Off,Off,0,1,Off,Off,Off,Off,Off,Off,1,0,Off,0,0,0,255,255
159,FRS/GMRS 10,467.6125,467.6125,A-Analog,Low,25K,Off,Off,World-wide,Group Call,91,Danny,Off,Carrier,Off,1,1,1,Off,0,1,None,None,Off,Off,On,Off,Normal Encryption,Off,Off,Off,Off,0,1,Off,Off,Off,Off,Off,Off,1,0,Off,0,0,0,255,255
160,FRS/GMRS 11,467.6375,467.6375,A-Analog,Low,25K,Off,Off,World-wide,Group Call,91,Danny,Off,Carrier,Off,1,1,1,Off,0,1,None,None,Off,Off,On,Off,Normal Encryption,Off,Off,Off,Off,0,1,Off,Off,Off,Off,Off,Off,1,0,Off,0,0,0,255,255
161,FRS/GMRS 12,467.6625,467.6625,A-Analog,Low,25K,Off,Off,World-wide,Group Call,91,Danny,Off,Carrier,Off,1,1,1,Off,0,1,None,None,Off,Off,On,Off,Normal Encryption,Off,Off,Off,Off,0,1,Off,Off,Off,Off,Off,Off,1,0,Off,0,0,0,255,255
162,FRS/GMRS 13,467.6875,467.6875,A-Analog,Low,25K,Off,Off,World-wide,Group Call,91,Danny,Off,Carrier,Off,1,1,1,Off,0,1,None,None,Off,Off,On,Off,Normal Encryption,Off,Off,Off,Off,0,1,Off,Off,Off,Off,Off,Off,1,0,Off,0,0,0,255,255
163,FRS/GMRS 14,467.7125,467.7125,A-Analog,Low,25K,Off,Off,World-wide,Group Call,91,Danny,Off,Carrier,Off,1,1,1,Off,0,1,None,None,Off,Off,On,Off,Normal Encryption,Off,Off,Off,Off,0,1,Off,Off,Off,Off,Off,Off,1,0,Off,0,0,0,255,255
164,FRS/GMRS 15,462.55,462.55,A-Analog,Low,25K,Off,Off,World-wide,Group Call,91,Danny,Off,Carrier,Off,1,1,1,Off,0,1,None,None,Off,Off,On,Off,Normal Encryption,Off,Off,Off,Off,0,1,Off,Off,Off,Off,Off,Off,1,0,Off,0,0,0,255,255
165,FRS/GMRS 16,462.575,462.575,A-Analog,Low,25K,Off,Off,World-wide,Group Call,91,Danny,Off,Carrier,Off,1,1,1,Off,0,1,None,None,Off,Off,On,Off,Normal Encryption,Off,Off,Off,Off,0,1,Off,Off,Off,Off,Off,Off,1,0,Off,0,0,0,255,255
166,FRS/GMRS 17,462.6,462.6,A-Analog,Low,25K,Off,Off,World-wide,Group Call,91,Danny,Off,Carrier,Off,1,1,1,Off,0,1,None,None,Off,Off,On,Off,Normal Encryption,Off,Off,Off,Off,0,1,Off,Off,Off,Off,Off,Off,1,0,Off,0,0,0,255,255
167,FRS/GMRS 18,462.625,462.625,A-Analog,Low,25K,Off,Off,World-wide,Group Call,91,Danny,Off,Carrier,Off,1,1,1,Off,0,1,None,None,Off,Off,On,Off,Normal Encryption,Off,Off,Off,Off,0,1,Off,Off,Off,Off,Off,Off,1,0,Off,0,0,0,255,255
168,FRS/GMRS 19,462.65,462.65,A-Analog,Low,25K,Off,Off,World-wide,Group Call,91,Danny,Off,Carrier,Off,1,1,1,Off,0,1,None,None,Off,Off,On,Off,Normal Encryption,Off,Off,Off,Off,0,1,Off,Off,Off,Off,Off,Off,1,0,Off,0,0,0,255,255
169,FRS/GMRS 20,462.675,462.675,A-Analog,Low,25K,Off,Off,World-wide,Group Call,91,Danny,Off,Carrier,Off,1,1,1,Off,0,1,None,None,Off,Off,On,Off,Normal Encryption,Off,Off,Off,Off,0,1,Off,Off,Off,Off,Off,Off,1,0,Off,0,1,0,255,255
170,FRS/GMRS 21,462.7,462.7,A-Analog,Low,25K,Off,Off,World-wide,Group Call,91,Danny,Off,Carrier,Off,1,1,1,Off,0,1,None,None,Off,Off,On,Off,Normal Encryption,Off,Off,Off,Off,0,1,Off,Off,Off,Off,Off,Off,1,0,Off,0,1,0,255,255
171,FRS/GMRS 22,462.725,462.725,A-Analog,Low,25K,Off,Off,World-wide,Group Call,91,Danny,Off,Carrier,Off,1,1,1,Off,0,1,None,None,Off,Off,On,Off,Normal Encryption,Off,Off,Off,Off,0,1,Off,Off,Off,Off,Off,Off,1,0,Off,0,1,0,255,255
172,WX4SFL Key Largo,146.61,146.01,A-Analog,High,25K,94.8,94.8,World-wide,Group Call,91,Danny,Off,CTCSS/DCS,Off,1,1,1,Off,1,1,FL Keys,None,Off,Off,Off,Off,Normal Encryption,Off,Off,Off,Off,251.1,1,Off,Off,Off,Off,Off,Off,1,0,Off,0,1,0,255,255
173,KC4SFA Key Largo,147.165,147.765,A-Analog,High,25K,94.8,94.8,World-wide,Group Call,91,Danny,Off,CTCSS/DCS,Off,1,1,1,Off,1,1,FL Keys,None,Off,Off,Off,Off,Normal Encryption,Off,Off,Off,Off,251.1,1,Off,Off,Off,Off,Off,Off,1,0,Off,0,1,0,255,255
174,Key W 2 k4fhe,147.345,147.945,A-Analog,High,25K,94.8,94.8,World-wide,Group Call,91,Danny,Off,CTCSS/DCS,Off,1,1,1,Off,1,1,FL Keys,None,Off,Off,Off,Off,Normal Encryption,Off,Off,Off,Off,251.1,1,Off,Off,Off,Off,Off,Off,1,0,Off,0,1,0,255,255
175,Scout Key 2,146.67,146.07,A-Analog,High,25K,94.8,94.8,World-wide,Group Call,91,Danny,Off,CTCSS/DCS,Off,1,1,1,Off,1,1,FL Keys,None,Off,Off,Off,Off,Normal Encryption,Off,Off,Off,Off,251.1,1,Off,Off,Off,Off,Off,Off,1,0,Off,0,1,0,255,255
176,Marathon,147.255,147.855,A-Analog,High,25K,94.8,94.8,World-wide,Group Call,91,Danny,Off,CTCSS/DCS,Off,1,1,1,Off,1,1,FL Keys,None,Off,Off,Off,Off,Normal Encryption,Off,Off,Off,Off,251.1,1,Off,Off,Off,Off,Off,Off,1,0,Off,0,1,0,255,255
177,Plant Key,146.715,146.115,A-Analog,High,25K,94.8,94.8,World-wide,Group Call,91,Danny,Off,CTCSS/DCS,Off,1,1,1,Off,1,1,FL Keys,None,Off,Off,Off,Off,Normal Encryption,Off,Off,Off,Off,251.1,1,Off,Off,Off,Off,Off,Off,1,0,Off,0,1,0,255,255
178,Key W 70cm,444.7,449.7,A-Analog,High,25K,94.8,94.8,World-wide,Group Call,91,Danny,Off,CTCSS/DCS,Off,1,1,1,Off,1,1,FL Keys,None,Off,Off,Off,Off,Normal Encryption,Off,Off,Off,Off,251.1,1,Off,Off,Off,Off,Off,Off,1,0,Off,0,1,0,255,255
179,Scout Key 70,442.4,447.4,A-Analog,High,25K,94.8,94.8,World-wide,Group Call,91,Danny,Off,CTCSS/DCS,Off,1,1,1,Off,1,1,FL Keys,None,Off,Off,Off,Off,Normal Encryption,Off,Off,Off,Off,251.1,1,Off,Off,Off,Off,Off,Off,1,0,Off,0,1,0,255,255
180,Marathon 70,444.85,449.85,A-Analog,High,25K,94.8,94.8,World-wide,Group Call,91,Danny,Off,CTCSS/DCS,Off,1,1,1,Off,1,1,FL Keys,None,Off,Off,Off,Off,Normal Encryption,Off,Off,Off,Off,251.1,1,Off,Off,Off,Off,Off,Off,1,0,Off,0,1,0,255,255
181,Plant Key 70,443.45,448.45,A-Analog,High,25K,94.8,94.8,World-wide,Group Call,91,Danny,Off,CTCSS/DCS,Off,1,1,1,Off,1,1,FL Keys,None,Off,Off,Off,Off,Normal Encryption,Off,Off,Off,Off,251.1,1,Off,Off,Off,Off,Off,Off,1,0,Off,0,1,0,255,255
183,Cedar-WR7AAA,145.15,144.55,A-Analog,Turbo,25K,Off,Off,World-wide,Group Call,91,Danny,Off,CTCSS/DCS,Off,1,1,1,Off,1,1,Utah A-Locals,None,Off,Off,Off,Off,Normal Encryption,Off,Off,Off,Off,251.1,1,Off,Off,Off,Off,Off,Off,1,0,Off,0,1,0,255,255
184,Torqu-KF7YIX,145.15,144.55,A-Analog,Turbo,25K,Off,Off,World-wide,Group Call,91,Danny,Off,CTCSS/DCS,Off,1,1,1,Off,1,1,Utah A-Locals,None,Off,Off,Off,Off,Normal Encryption,Off,Off,Off,Off,251.1,1,Off,Off,Off,Off,Off,Off,1,0,Off,0,1,0,255,255
185,Bryce-W6DZL,145.35,144.75,A-Analog,Turbo,25K,123.0Ê,123.0Ê,World-wide,Group Call,91,Danny,Off,CTCSS/DCS,Off,1,1,1,Off,1,1,Utah A-Locals,None,Off,Off,Off,Off,Normal Encryption,Off,Off,Off,Off,251.1,1,Off,Off,Off,Off,Off,Off,1,0,Off,0,1,0,255,255
186,Toque-W7DRC,145.45,144.85,A-Analog,Turbo,25K,100.0Ê,100.0Ê,World-wide,Group Call,91,Danny,Off,CTCSS/DCS,Off,1,1,1,Off,1,1,Utah A-Locals,None,Off,Off,Off,Off,Normal Encryption,Off,Off,Off,Off,251.1,1,Off,Off,Off,Off,Off,Off,1,0,Off,0,1,0,255,255
187,Cedar-WV7H,145.47,144.87,A-Analog,Turbo,25K,Off,Off,World-wide,Group Call,91,Danny,Off,CTCSS/DCS,Off,1,1,1,Off,1,1,Utah A-Locals,None,Off,Off,Off,Off,Normal Encryption,Off,Off,Off,Off,251.1,1,Off,Off,Off,Off,Off,Off,1,0,Off,0,1,0,255,255
188,St Ge-W7DRC,145.49,144.89,A-Analog,Turbo,25K,100.0Ê,100.0Ê,World-wide,Group Call,91,Danny,Off,CTCSS/DCS,Off,1,1,1,Off,1,1,Utah A-Locals,None,Off,Off,Off,Off,Normal Encryption,Off,Off,Off,Off,251.1,1,Off,Off,Off,Off,Off,Off,1,0,Off,0,1,0,255,255
189,Monti-K7SDC,146.61,146.01,A-Analog,Turbo,25K,88.5Ê,88.5Ê,World-wide,Group Call,91,Danny,Off,CTCSS/DCS,Off,1,1,1,Off,1,1,Utah A-Locals,None,Off,Off,Off,Off,Normal Encryption,Off,Off,Off,Off,251.1,1,Off,Off,Off,Off,Off,Off,1,0,Off,0,1,0,255,255
190,Monro-WA7HSW,146.64,146.04,A-Analog,Turbo,25K,100.0Ê,100.0Ê,World-wide,Group Call,91,Danny,Off,CTCSS/DCS,Off,1,1,1,Off,1,1,Utah A-Locals,None,Off,Off,Off,Off,Normal Encryption,Off,Off,Off,Off,251.1,1,Off,Off,Off,Off,Off,Off,1,0,Off,0,1,0,255,255
191,St Ge-W7DRC,146.64,146.04,A-Analog,Turbo,25K,100.0Ê,100.0Ê,World-wide,Group Call,91,Danny,Off,CTCSS/DCS,Off,1,1,1,Off,1,1,Utah A-Locals,None,Off,Off,Off,Off,Normal Encryption,Off,Off,Off,Off,251.1,1,Off,Off,Off,Off,Off,Off,1,0,Off,0,1,0,255,255
192,St Ge-KA7STK,146.7,146.1,A-Analog,Turbo,25K,Off,Off,World-wide,Group Call,91,Danny,Off,CTCSS/DCS,Off,1,1,1,Off,1,1,Utah A-Locals,None,Off,Off,Off,Off,Normal Encryption,Off,Off,Off,Off,251.1,1,Off,Off,Off,Off,Off,Off,1,0,Off,0,1,0,255,255
193,Glend-WB7REL,146.72,146.12,A-Analog,Turbo,25K,100.0Ê,100.0Ê,World-wide,Group Call,91,Danny,Off,CTCSS/DCS,Off,1,1,1,Off,1,1,Utah A-Locals,None,Off,Off,Off,Off,Normal Encryption,Off,Off,Off,Off,251.1,1,Off,Off,Off,Off,Off,Off,1,0,Off,0,1,0,255,255
194,St Ge-NR7K,146.74,146.14,A-Analog,Turbo,25K,100.0Ê,100.0Ê,World-wide,Group Call,91,Danny,Off,CTCSS/DCS,Off,1,1,1,Off,1,1,Utah A-Locals,None,Off,Off,Off,Off,Normal Encryption,Off,Off,Off,Off,251.1,1,Off,Off,Off,Off,Off,Off,1,0,Off,0,1,0,255,255
195,Cedar-K7JH,146.76,146.16,A-Analog,Turbo,25K,123.0Ê,123.0Ê,World-wide,Group Call,91,Danny,Off,CTCSS/DCS,Off,1,1,1,Off,1,1,Utah A-Locals,None,Off,Off,Off,Off,Normal Encryption,Off,Off,Off,Off,251.1,1,Off,Off,Off,Off,Off,Off,1,0,Off,0,1,0,255,255
196,"Moab,-K7QEQ",146.76,146.16,A-Analog,Turbo,25K,88.5Ê,88.5Ê,World-wide,Group Call,91,Danny,Off,CTCSS/DCS,Off,1,1,1,Off,1,1,Utah A-Locals,None,Off,Off,Off,Off,Normal Encryption,Off,Off,Off,Off,251.1,1,Off,Off,Off,Off,Off,Off,1,0,Off,0,1,0,255,255
197,Cedar-WV7H,146.8,146.2,A-Analog,Turbo,25K,100.0Ê,100.0Ê,World-wide,Group Call,91,Danny,Off,CTCSS/DCS,Off,1,1,1,Off,1,1,Utah A-Locals,None,Off,Off,Off,Off,Normal Encryption,Off,Off,Off,Off,251.1,1,Off,Off,Off,Off,Off,Off,1,0,Off,0,1,0,255,255
198,St Ge-NR7K,146.82,146.22,A-Analog,Turbo,25K,100.0Ê,100.0Ê,World-wide,Group Call,91,Danny,Off,CTCSS/DCS,Off,1,1,1,Off,1,1,Utah A-Locals,None,Off,Off,Off,Off,Normal Encryption,Off,Off,Off,Off,251.1,1,Off,Off,Off,Off,Off,Off,1,0,Off,0,1,0,255,255
199,Richf-WA7VHF,146.84,146.24,A-Analog,Turbo,25K,100.0Ê,100.0Ê,World-wide,Group Call,91,Danny,Off,CTCSS/DCS,Off,1,1,1,Off,1,1,Utah A-Locals,None,Off,Off,Off,Off,Normal Encryption,Off,Off,Off,Off,251.1,1,Off,Off,Off,Off,Off,Off,1,0,Off,0,1,0,255,255
200,Monro-WB7REL,146.86,146.26,A-Analog,Turbo,25K,100.0Ê,100.0Ê,World-wide,Group Call,91,Danny,Off,CTCSS/DCS,Off,1,1,1,Off,1,1,Utah A-Locals,None,Off,Off,Off,Off,Normal Encryption,Off,Off,Off,Off,251.1,1,Off,Off,Off,Off,Off,Off,1,0,Off,0,1,0,255,255
201,Kanab-W7NRC,146.88,146.28,A-Analog,Turbo,25K,123.0Ê,123.0Ê,World-wide,Group Call,91,Danny,Off,CTCSS/DCS,Off,1,1,1,Off,1,1,Utah A-Locals,None,Off,Off,Off,Off,Normal Encryption,Off,Off,Off,Off,251.1,1,Off,Off,Off,Off,Off,Off,1,0,Off,0,1,0,255,255
202,Moab-K7QEQ,146.9,146.3,A-Analog,Turbo,25K,88.5Ê,88.5Ê,World-wide,Group Call,91,Danny,Off,CTCSS/DCS,Off,1,1,1,Off,1,1,Utah A-Locals,None,Off,Off,Off,Off,Normal Encryption,Off,Off,Off,Off,251.1,1,Off,Off,Off,Off,Off,Off,1,0,Off,0,1,0,255,255
203,St Ge-NR7K,146.91,146.31,A-Analog,Turbo,25K,100.0Ê,100.0Ê,World-wide,Group Call,91,Danny,Off,CTCSS/DCS,Off,1,1,1,Off,1,1,Utah A-Locals,None,Off,Off,Off,Off,Normal Encryption,Off,Off,Off,Off,251.1,1,Off,Off,Off,Off,Off,Off,1,0,Off,0,1,0,255,255
204,Milfo-WR7AAA,146.94,146.34,A-Analog,Turbo,25K,100.0Ê,100.0Ê,World-wide,Group Call,91,Danny,Off,CTCSS/DCS,Off,1,1,1,Off,1,1,Utah A-Locals,None,Off,Off,Off,Off,Normal Encryption,Off,Off,Off,Off,251.1,1,Off,Off,Off,Off,Off,Off,1,0,Off,0,1,0,255,255
205,Page -W7WAC,146.96,146.36,A-Analog,Turbo,25K,100.0Ê,100.0Ê,World-wide,Group Call,91,Danny,Off,CTCSS/DCS,Off,1,1,1,Off,1,1,Utah A-Locals,None,Off,Off,Off,Off,Normal Encryption,Off,Off,Off,Off,251.1,1,Off,Off,Off,Off,Off,Off,1,0,Off,0,1,0,255,255
206,Cedar-N7KM,146.98,146.38,A-Analog,Turbo,25K,100.0Ê,100.0Ê,World-wide,Group Call,91,Danny,Off,CTCSS/DCS,Off,1,1,1,Off,1,1,Utah A-Locals,None,Off,Off,Off,Off,Normal Encryption,Off,Off,Off,Off,251.1,1,Off,Off,Off,Off,Off,Off,1,0,Off,0,1,0,255,255
207,Cedar-N7AKK,147.06,147.66,A-Analog,Turbo,25K,Off,Off,World-wide,Group Call,91,Danny,Off,CTCSS/DCS,Off,1,1,1,Off,1,1,Utah A-Locals,None,Off,Off,Off,Off,Normal Encryption,Off,Off,Off,Off,251.1,1,Off,Off,Off,Off,Off,Off,1,0,Off,0,1,0,255,255
208,Hanks-K7SDC,147.08,147.68,A-Analog,Turbo,25K,136.5Ê,136.5Ê,World-wide,Group Call,91,Danny,Off,CTCSS/DCS,Off,1,1,1,Off,1,1,Utah A-Locals,None,Off,Off,Off,Off,Normal Encryption,Off,Off,Off,Off,251.1,1,Off,Off,Off,Off,Off,Off,1,0,Off,0,1,0,255,255
209,Holde-N7GGN,147.1,147.7,A-Analog,Turbo,25K,100.0Ê,100.0Ê,World-wide,Group Call,91,Danny,Off,CTCSS/DCS,Off,1,1,1,Off,1,1,Utah A-Locals,None,Off,Off,Off,Off,Normal Encryption,Off,Off,Off,Off,251.1,1,Off,Off,Off,Off,Off,Off,1,0,Off,0,1,0,255,255
210,Pangu-N7NKK,147.16,147.76,A-Analog,Turbo,25K,100.0Ê,100.0Ê,World-wide,Group Call,91,Danny,Off,CTCSS/DCS,Off,1,1,1,Off,1,1,Utah A-Locals,None,Off,Off,Off,Off,Normal Encryption,Off,Off,Off,Off,251.1,1,Off,Off,Off,Off,Off,Off,1,0,Off,0,1,0,255,255
211,Duck -N7SGV,147.18,147.78,A-Analog,Turbo,25K,Off,Off,World-wide,Group Call,91,Danny,Off,CTCSS/DCS,Off,1,1,1,Off,1,1,Utah A-Locals,None,Off,Off,Off,Off,Normal Encryption,Off,Off,Off,Off,251.1,1,Off,Off,Off,Off,Off,Off,1,0,Off,0,1,0,255,255
212,Hinck-N7WPF,147.26,147.86,A-Analog,Turbo,25K,Off,Off,World-wide,Group Call,91,Danny,Off,CTCSS/DCS,Off,1,1,1,Off,1,1,Utah A-Locals,None,Off,Off,Off,Off,Normal Encryption,Off,Off,Off,Off,251.1,1,Off,Off,Off,Off,Off,Off,1,0,Off,0,1,0,255,255
213,St Ge-K7SG,147.26,147.86,A-Analog,Turbo,25K,Off,Off,World-wide,Group Call,91,Danny,Off,CTCSS/DCS,Off,1,1,1,Off,1,1,Utah A-Locals,None,Off,Off,Off,Off,Normal Encryption,Off,Off,Off,Off,251.1,1,Off,Off,Off,Off,Off,Off,1,0,Off,0,1,0,255,255
214,Kanab-WI7M,147.36,147.96,A-Analog,Turbo,25K,Off,Off,World-wide,Group Call,91,Danny,Off,CTCSS/DCS,Off,1,1,1,Off,1,1,Utah A-Locals,None,Off,Off,Off,Off,Normal Encryption,Off,Off,Off,Off,251.1,1,Off,Off,Off,Off,Off,Off,1,0,Off,0,1,0,255,255
215,Delta-KB7WQD,147.38,147.98,A-Analog,Turbo,25K,203.5Ê,203.5Ê,World-wide,Group Call,91,Danny,Off,CTCSS/DCS,Off,1,1,1,Off,1,1,Utah A-Locals,None,Off,Off,Off,Off,Normal Encryption,Off,Off,Off,Off,251.1,1,Off,Off,Off,Off,Off,Off,1,0,Off,0,1,0,255,255
216,Monti-K7QEQ,447.1,442.1,A-Analog,Turbo,25K,107.2,107.2,World-wide,Group Call,91,Danny,Off,CTCSS/DCS,Off,1,1,1,Off,1,1,Utah A-Locals,None,Off,Off,Off,Off,Normal Encryption,Off,Off,Off,Off,251.1,1,Off,Off,Off,Off,Off,Off,1,0,Off,0,1,0,255,255
217,Monti-KB5ITS,447.275,442.275,A-Analog,Turbo,25K,100.0Ê,100.0Ê,World-wide,Group Call,91,Danny,Off,CTCSS/DCS,Off,1,1,1,Off,1,1,Utah A-Locals,None,Off,Off,Off,Off,Normal Encryption,Off,Off,Off,Off,251.1,1,Off,Off,Off,Off,Off,Off,1,0,Off,0,1,0,255,255
218,Duck -N7SGV,447.325,442.325,A-Analog,Turbo,25K,Off,Off,World-wide,Group Call,91,Danny,Off,CTCSS/DCS,Off,1,1,1,Off,1,1,Utah A-Locals,None,Off,Off,Off,Off,Normal Encryption,Off,Off,Off,Off,251.1,1,Off,Off,Off,Off,Off,Off,1,0,Off,0,1,0,255,255
219,Saint-N6RTR,447.45,442.45,A-Analog,Turbo,25K,151.4,151.4,World-wide,Group Call,91,Danny,Off,CTCSS/DCS,Off,1,1,1,Off,1,1,Utah A-Locals,None,Off,Off,Off,Off,Normal Encryption,Off,Off,Off,Off,251.1,1,Off,Off,Off,Off,Off,Off,1,0,Off,0,1,0,255,255
220,Salin-W7DHH,447.45,442.45,A-Analog,Turbo,25K,114.8Ê,114.8Ê,World-wide,Group Call,91,Danny,Off,CTCSS/DCS,Off,1,1,1,Off,1,1,Utah A-Locals,None,Off,Off,Off,Off,Normal Encryption,Off,Off,Off,Off,251.1,1,Off,Off,Off,Off,Off,Off,1,0,Off,0,1,0,255,255
221,Cedar-WA7GTU,447.575,452.575,A-Analog,Turbo,25K,Off,Off,World-wide,Group Call,91,Danny,Off,CTCSS/DCS,Off,1,1,1,Off,1,1,Utah A-Locals,None,Off,Off,Off,Off,Normal Encryption,Off,Off,Off,Off,251.1,1,Off,Off,Off,Off,Off,Off,1,0,Off,0,1,0,255,255
222,Torqu-KF7YIX,447.95,442.95,A-Analog,Turbo,25K,Off,Off,World-wide,Group Call,91,Danny,Off,CTCSS/DCS,Off,1,1,1,Off,1,1,Utah A-Locals,None,Off,Off,Off,Off,Normal Encryption,Off,Off,Off,Off,251.1,1,Off,Off,Off,Off,Off,Off,1,0,Off,0,1,0,255,255
223,Cedar-N7DZP,448.1,443.1,A-Analog,Turbo,25K,Off,Off,World-wide,Group Call,91,Danny,Off,CTCSS/DCS,Off,1,1,1,Off,1,1,Utah A-Locals,None,Off,Off,Off,Off,Normal Encryption,Off,Off,Off,Off,251.1,1,Off,Off,Off,Off,Off,Off,1,0,Off,0,1,0,255,255
224,Cedar-WA7GTU,448.4,443.4,A-Analog,Turbo,25K,100.0Ê,100.0Ê,World-wide,Group Call,91,Danny,Off,CTCSS/DCS,Off,1,1,1,Off,1,1,Utah A-Locals,None,Off,Off,Off,Off,Normal Encryption,Off,Off,Off,Off,251.1,1,Off,Off,Off,Off,Off,Off,1,0,Off,0,1,0,255,255
225,Hurri-K7WS,448.5,443.5,A-Analog,Turbo,25K,Off,Off,World-wide,Group Call,91,Danny,Off,CTCSS/DCS,Off,1,1,1,Off,1,1,Utah A-Locals,None,Off,Off,Off,Off,Normal Encryption,Off,Off,Off,Off,251.1,1,Off,Off,Off,Off,Off,Off,1,0,Off,0,1,0,255,255
226,Marys-N7IOD,448.575,443.575,A-Analog,Turbo,25K,131.8Ê,131.8Ê,World-wide,Group Call,91,Danny,Off,CTCSS/DCS,Off,1,1,1,Off,1,1,Utah A-Locals,None,Off,Off,Off,Off,Normal Encryption,Off,Off,Off,Off,251.1,1,Off,Off,Off,Off,Off,Off,1,0,Off,0,1,0,255,255
227,"Page,-WA7VHF",448.6,443.6,A-Analog,Turbo,25K,100.0Ê,100.0Ê,World-wide,Group Call,91,Danny,Off,CTCSS/DCS,Off,1,1,1,Off,1,1,Utah A-Locals,None,Off,Off,Off,Off,Normal Encryption,Off,Off,Off,Off,251.1,1,Off,Off,Off,Off,Off,Off,1,0,Off,0,1,0,255,255
228,Cedar-KB6BOB,448.65,443.65,A-Analog,Turbo,25K,Off,Off,World-wide,Group Call,91,Danny,Off,CTCSS/DCS,Off,1,1,1,Off,1,1,Utah A-Locals,None,Off,Off,Off,Off,Normal Encryption,Off,Off,Off,Off,251.1,1,Off,Off,Off,Off,Off,Off,1,0,Off,0,1,0,255,255
229,Milfo-K7JL,448.675,443.675,A-Analog,Turbo,25K,Off,Off,World-wide,Group Call,91,Danny,Off,CTCSS/DCS,Off,1,1,1,Off,1,1,Utah A-Locals,None,Off,Off,Off,Off,Normal Encryption,Off,Off,Off,Off,251.1,1,Off,Off,Off,Off,Off,Off,1,0,Off,0,1,0,255,255
230,St Ge-WB6TNP,448.725,443.725,A-Analog,Turbo,25K,Off,Off,World-wide,Group Call,91,Danny,Off,CTCSS/DCS,Off,1,1,1,Off,1,1,Utah A-Locals,None,Off,Off,Off,Off,Normal Encryption,Off,Off,Off,Off,251.1,1,Off,Off,Off,Off,Off,Off,1,0,Off,0,1,0,255,255
231,Page -NA7DB,448.75,443.75,A-Analog,Turbo,25K,100.0Ê,100.0Ê,World-wide,Group Call,91,Danny,Off,CTCSS/DCS,Off,1,1,1,Off,1,1,Utah A-Locals,None,Off,Off,Off,Off,Normal Encryption,Off,Off,Off,Off,251.1,1,Off,Off,Off,Off,Off,Off,1,0,Off,0,1,0,255,255
232,Cedar-K7JH,448.8,443.8,A-Analog,Turbo,25K,100.0Ê,100.0Ê,World-wide,Group Call,91,Danny,Off,CTCSS/DCS,Off,1,1,1,Off,1,1,Utah A-Locals,None,Off,Off,Off,Off,Normal Encryption,Off,Off,Off,Off,251.1,1,Off,Off,Off,Off,Off,Off,1,0,Off,0,1,0,255,255
233,"Moab,-K7QEQ",449.1,444.1,A-Analog,Turbo,25K,107.2,107.2,World-wide,Group Call,91,Danny,Off,CTCSS/DCS,Off,1,1,1,Off,1,1,Utah A-Locals,None,Off,Off,Off,Off,Normal Encryption,Off,Off,Off,Off,251.1,1,Off,Off,Off,Off,Off,Off,1,0,Off,0,1,0,255,255
234,Sterl-WB7REL,449.25,444.25,A-Analog,Turbo,25K,131.8Ê,131.8Ê,World-wide,Group Call,91,Danny,Off,CTCSS/DCS,Off,1,1,1,Off,1,1,Utah A-Locals,None,Off,Off,Off,Off,Normal Encryption,Off,Off,Off,Off,251.1,1,Off,Off,Off,Off,Off,Off,1,0,Off,0,1,0,255,255
235,Hurri-K5JCA,449.275,444.275,A-Analog,Turbo,25K,Off,Off,World-wide,Group Call,91,Danny,Off,CTCSS/DCS,Off,1,1,1,Off,1,1,Utah A-Locals,None,Off,Off,Off,Off,Normal Encryption,Off,Off,Off,Off,251.1,1,Off,Off,Off,Off,Off,Off,1,0,Off,0,1,0,255,255
236,Salin-WB7REL,449.3,444.3,A-Analog,Turbo,25K,88.5Ê,88.5Ê,World-wide,Group Call,91,Danny,Off,CTCSS/DCS,Off,1,1,1,Off,1,1,Utah A-Locals,None,Off,Off,Off,Off,Normal Encryption,Off,Off,Off,Off,251.1,1,Off,Off,Off,Off,Off,Off,1,0,Off,0,1,0,255,255
237,St Ge-NR7K,449.325,444.325,A-Analog,Turbo,25K,Off,Off,World-wide,Group Call,91,Danny,Off,CTCSS/DCS,Off,1,1,1,Off,1,1,Utah A-Locals,None,Off,Off,Off,Off,Normal Encryption,Off,Off,Off,Off,251.1,1,Off,Off,Off,Off,Off,Off,1,0,Off,0,1,0,255,255
238,St Ge-K7OET,449.35,444.35,A-Analog,Turbo,25K,Off,Off,World-wide,Group Call,91,Danny,Off,CTCSS/DCS,Off,1,1,1,Off,1,1,Utah A-Locals,None,Off,Off,Off,Off,Normal Encryption,Off,Off,Off,Off,251.1,1,Off,Off,Off,Off,Off,Off,1,0,Off,0,1,0,255,255
239,St Ge-KA7STK,449.425,444.425,A-Analog,Turbo,25K,203.5Ê,203.5Ê,World-wide,Group Call,91,Danny,Off,CTCSS/DCS,Off,1,1,1,Off,1,1,Utah A-Locals,None,Off,Off,Off,Off,Normal Encryption,Off,Off,Off,Off,251.1,1,Off,Off,Off,Off,Off,Off,1,0,Off,0,1,0,255,255
240,Cedar-WA7GTU,449.5,444.5,A-Analog,Turbo,25K,100.0Ê,100.0Ê,World-wide,Group Call,91,Danny,Off,CTCSS/DCS,Off,1,1,1,Off,1,1,Utah A-Locals,None,Off,Off,Off,Off,Normal Encryption,Off,Off,Off,Off,251.1,1,Off,Off,Off,Off,Off,Off,1,0,Off,0,1,0,255,255
241,St Ge-KA7STK,449.525,444.525,A-Analog,Turbo,25K,100.0Ê,100.0Ê,World-wide,Group Call,91,Danny,Off,CTCSS/DCS,Off,1,1,1,Off,1,1,Utah A-Locals,None,Off,Off,Off,Off,Normal Encryption,Off,Off,Off,Off,251.1,1,Off,Off,Off,Off,Off,Off,1,0,Off,0,1,0,255,255
242,Hurri-KG7FOT,449.55,444.55,A-Analog,Turbo,25K,100.0,100.0,World-wide,Group Call,91,Danny,Off,CTCSS/DCS,Off,1,1,1,Off,1,1,Utah A-Locals,None,Off,Off,Off,Off,Normal Encryption,Off,Off,Off,Off,251.1,1,Off,Off,Off,Off,Off,Off,1,0,Off,0,1,0,255,255
243,Enter-KD7YK,449.725,444.725,A-Analog,Turbo,25K,Off,Off,World-wide,Group Call,91,Danny,Off,CTCSS/DCS,Off,1,1,1,Off,1,1,Utah A-Locals,None,Off,Off,Off,Off,Normal Encryption,Off,Off,Off,Off,251.1,1,Off,Off,Off,Off,Off,Off,1,0,Off,0,1,0,255,255
244,St Ge-W7AOR,449.75,444.75,A-Analog,Turbo,25K,123.0Ê,123.0Ê,World-wide,Group Call,91,Danny,Off,CTCSS/DCS,Off,1,1,1,Off,1,1,Utah A-Locals,None,Off,Off,Off,Off,Normal Encryption,Off,Off,Off,Off,251.1,1,Off,Off,Off,Off,Off,Off,1,0,Off,0,1,0,255,255
245,Kanab-W7NRC,449.85,444.85,A-Analog,Turbo,25K,Off,Off,World-wide,Group Call,91,Danny,Off,CTCSS/DCS,Off,1,1,1,Off,1,1,Utah A-Locals,None,Off,Off,Off,Off,Normal Encryption,Off,Off,Off,Off,251.1,1,Off,Off,Off,Off,Off,Off,1,0,Off,0,1,0,255,255
246,Cedar-WA7GTU,449.9,444.9,A-Analog,Turbo,25K,100.0Ê,100.0Ê,World-wide,Group Call,91,Danny,Off,CTCSS/DCS,Off,1,1,1,Off,1,1,Utah A-Locals,None,Off,Off,Off,Off,Normal Encryption,Off,Off,Off,Off,251.1,1,Off,Off,Off,Off,Off,Off,1,0,Off,0,1,0,255,255
247,Mexic-KD7HLL,449.9,444.9,A-Analog,Turbo,25K,123.0Ê,123.0Ê,World-wide,Group Call,91,Danny,Off,CTCSS/DCS,Off,1,1,1,Off,1,1,Utah A-Locals,None,Off,Off,Off,Off,Normal Encryption,Off,Off,Off,Off,251.1,1,Off,Off,Off,Off,Off,Off,1,0,Off,0,1,0,255,255
4001,Channel VFO A,146.52,146.52,A-Analog,Low,25K,Off,Off,World-wide,Group Call,91,Danny,Off,Carrier,Off,1,1,1,Off,7,1,None,None,Off,Off,Off,Off,Normal Encryption,Off,Off,Off,Off,131.8,1,Off,Off,Off,Off,Off,Off,1,0,Off,0,1,0,255,255
4002,Channel VFO B,145.1125,145.1125,D-Digital,Turbo,25K,Off,Off,World-wide,Group Call,91,Danny,Always,Carrier,Off,1,1,1,Off,1,1,None,None,Off,Off,Off,Off,Normal Encryption,Off,Off,Off,Off,131.8,1,Off,Off,Off,Off,Off,Off,1,0,Off,0,1,0,100,100